-- MySQL dump 10.13  Distrib 8.0.44, for Win64 (x86_64)
--
-- Host: 127.0.0.1    Database: swp_card_store
-- ------------------------------------------------------
-- Server version	8.0.44

/*!40101 SET @OLD_CHARACTER_SET_CLIENT=@@CHARACTER_SET_CLIENT */;
/*!40101 SET @OLD_CHARACTER_SET_RESULTS=@@CHARACTER_SET_RESULTS */;
/*!40101 SET @OLD_COLLATION_CONNECTION=@@COLLATION_CONNECTION */;
/*!50503 SET NAMES utf8 */;
/*!40103 SET @OLD_TIME_ZONE=@@TIME_ZONE */;
/*!40103 SET TIME_ZONE='+00:00' */;
/*!40014 SET @OLD_UNIQUE_CHECKS=@@UNIQUE_CHECKS, UNIQUE_CHECKS=0 */;
/*!40014 SET @OLD_FOREIGN_KEY_CHECKS=@@FOREIGN_KEY_CHECKS, FOREIGN_KEY_CHECKS=0 */;
/*!40101 SET @OLD_SQL_MODE=@@SQL_MODE, SQL_MODE='NO_AUTO_VALUE_ON_ZERO' */;
/*!40111 SET @OLD_SQL_NOTES=@@SQL_NOTES, SQL_NOTES=0 */;

--
-- Table structure for table `cards`
--

DROP TABLE IF EXISTS `cards`;
/*!40101 SET @saved_cs_client     = @@character_set_client */;
/*!50503 SET character_set_client = utf8mb4 */;
CREATE TABLE `cards` (
  `card_id` int NOT NULL AUTO_INCREMENT,
  `provider_storage_id` int NOT NULL,
  `serial_number` varchar(50) NOT NULL COMMENT 'Serial number từ nhà cung cấp',
  `card_code` varchar(50) NOT NULL COMMENT 'Số thẻ để nạp (mã thẻ)',
  `expiry_date` date DEFAULT NULL COMMENT 'Ngày hết hạn',
  `status` enum('PENDING','AVAILABLE','IMPORTED','SOLD','ERROR','EXPIRED') DEFAULT 'PENDING',
  `imported_at` timestamp NULL DEFAULT NULL COMMENT 'Thời điểm nhập vào kho hệ thống',
  `imported_by` int DEFAULT NULL COMMENT 'Admin nhập hàng',
  `error_message` text,
  `created_at` timestamp NULL DEFAULT CURRENT_TIMESTAMP,
  `updated_at` timestamp NULL DEFAULT CURRENT_TIMESTAMP ON UPDATE CURRENT_TIMESTAMP,
  `is_deleted` bit(1) DEFAULT b'0',
  PRIMARY KEY (`card_id`),
  UNIQUE KEY `uk_provider_serial` (`provider_storage_id`,`serial_number`),
  UNIQUE KEY `uk_provider_card` (`provider_storage_id`,`card_code`),
  KEY `idx_provider_storage_status` (`provider_storage_id`,`status`),
  KEY `idx_status` (`status`),
  CONSTRAINT `cards_provider_storage_fk` FOREIGN KEY (`provider_storage_id`) REFERENCES `provider_storage` (`provider_storage_id`) ON DELETE RESTRICT
) ENGINE=InnoDB AUTO_INCREMENT=21 DEFAULT CHARSET=utf8mb4 COLLATE=utf8mb4_0900_ai_ci;
/*!40101 SET character_set_client = @saved_cs_client */;

--
-- Dumping data for table `cards`
--

LOCK TABLES `cards` WRITE;
/*!40000 ALTER TABLE `cards` DISABLE KEYS */;
INSERT INTO `cards` VALUES (1,1,'VT10K_SER_20241201_001','VT10K_CARD_20241201_001',NULL,'AVAILABLE',NULL,NULL,NULL,'2025-12-19 08:34:39','2025-12-19 08:34:39',_binary '\0'),(2,2,'VT20K_SER_20241201_001','VT20K_CARD_20241201_001',NULL,'AVAILABLE',NULL,NULL,NULL,'2025-12-19 08:34:39','2025-12-19 08:34:39',_binary '\0'),(3,3,'VT30K_SER_20241201_001','VT30K_CARD_20241201_001',NULL,'AVAILABLE',NULL,NULL,NULL,'2025-12-19 08:34:39','2025-12-19 08:34:39',_binary '\0'),(4,4,'VT50K_SER_20241201_001','VT50K_CARD_20241201_001',NULL,'AVAILABLE',NULL,NULL,NULL,'2025-12-19 08:34:39','2025-12-19 08:34:39',_binary '\0'),(5,5,'VT100K_SER_20241201_001','VT100K_CARD_20241201_001',NULL,'AVAILABLE',NULL,NULL,NULL,'2025-12-19 08:34:39','2025-12-19 08:34:39',_binary '\0'),(6,6,'VT200K_SER_20241201_001','VT200K_CARD_20241201_001',NULL,'AVAILABLE',NULL,NULL,NULL,'2025-12-19 08:34:39','2025-12-19 08:34:39',_binary '\0'),(7,7,'VT500K_SER_20241201_001','VT500K_CARD_20241201_001',NULL,'AVAILABLE',NULL,NULL,NULL,'2025-12-19 08:34:39','2025-12-19 08:34:39',_binary '\0'),(8,8,'VN10K_SER_20241201_001','VN10K_CARD_20241201_001',NULL,'AVAILABLE',NULL,NULL,NULL,'2025-12-19 08:34:39','2025-12-19 08:34:39',_binary '\0'),(9,9,'VN20K_SER_20241201_001','VN20K_CARD_20241201_001',NULL,'AVAILABLE',NULL,NULL,NULL,'2025-12-19 08:34:39','2025-12-19 08:34:39',_binary '\0'),(10,10,'VN30K_SER_20241201_001','VN30K_CARD_20241201_001',NULL,'AVAILABLE',NULL,NULL,NULL,'2025-12-19 08:34:39','2025-12-19 08:34:39',_binary '\0'),(11,11,'VN50K_SER_20241201_001','VN50K_CARD_20241201_001',NULL,'AVAILABLE',NULL,NULL,NULL,'2025-12-19 08:34:39','2025-12-19 08:34:39',_binary '\0'),(12,12,'VN100K_SER_20241201_001','VN100K_CARD_20241201_001',NULL,'AVAILABLE',NULL,NULL,NULL,'2025-12-19 08:34:39','2025-12-19 08:34:39',_binary '\0'),(13,13,'VN300K_SER_20241201_001','VN300K_CARD_20241201_001',NULL,'AVAILABLE',NULL,NULL,NULL,'2025-12-19 08:34:39','2025-12-19 08:34:39',_binary '\0'),(14,14,'VN500K_SER_20241201_001','VN500K_CARD_20241201_001',NULL,'AVAILABLE',NULL,NULL,NULL,'2025-12-19 08:34:39','2025-12-19 08:34:39',_binary '\0'),(15,15,'MB10K_SER_20241201_001','MB10K_CARD_20241201_001',NULL,'AVAILABLE',NULL,NULL,NULL,'2025-12-19 08:34:39','2025-12-19 08:34:39',_binary '\0'),(16,16,'MB20K_SER_20241201_001','MB20K_CARD_20241201_001',NULL,'AVAILABLE',NULL,NULL,NULL,'2025-12-19 08:34:39','2025-12-19 08:34:39',_binary '\0'),(17,17,'MB50K_SER_20241201_001','MB50K_CARD_20241201_001',NULL,'AVAILABLE',NULL,NULL,NULL,'2025-12-19 08:34:39','2025-12-19 08:34:39',_binary '\0'),(18,18,'MB100K_SER_20241201_001','MB100K_CARD_20241201_001',NULL,'AVAILABLE',NULL,NULL,NULL,'2025-12-19 08:34:39','2025-12-19 08:34:39',_binary '\0'),(19,19,'MB200K_SER_20241201_001','MB200K_CARD_20241201_001',NULL,'AVAILABLE',NULL,NULL,NULL,'2025-12-19 08:34:39','2025-12-19 08:34:39',_binary '\0'),(20,20,'MB500K_SER_20241201_001','MB500K_CARD_20241201_001',NULL,'AVAILABLE',NULL,NULL,NULL,'2025-12-19 08:34:39','2025-12-19 08:34:39',_binary '\0');
/*!40000 ALTER TABLE `cards` ENABLE KEYS */;
UNLOCK TABLES;

--
-- Table structure for table `cart`
--

DROP TABLE IF EXISTS `cart`;
/*!40101 SET @saved_cs_client     = @@character_set_client */;
/*!50503 SET character_set_client = utf8mb4 */;
CREATE TABLE `cart` (
  `cart_id` int NOT NULL AUTO_INCREMENT,
  `user_id` int NOT NULL,
  `voucher_id` int DEFAULT NULL COMMENT 'Voucher áp dụng cho toàn bộ giỏ hàng',
  `created_at` timestamp NULL DEFAULT CURRENT_TIMESTAMP,
  `updated_at` timestamp NULL DEFAULT CURRENT_TIMESTAMP ON UPDATE CURRENT_TIMESTAMP,
  PRIMARY KEY (`cart_id`),
  UNIQUE KEY `unique_user_cart` (`user_id`),
  KEY `idx_voucher` (`voucher_id`),
  CONSTRAINT `cart_user_fk` FOREIGN KEY (`user_id`) REFERENCES `users` (`user_id`) ON DELETE CASCADE,
  CONSTRAINT `cart_voucher_fk` FOREIGN KEY (`voucher_id`) REFERENCES `vouchers` (`voucher_id`) ON DELETE SET NULL
) ENGINE=InnoDB AUTO_INCREMENT=3 DEFAULT CHARSET=utf8mb4 COLLATE=utf8mb4_0900_ai_ci;
/*!40101 SET character_set_client = @saved_cs_client */;

--
-- Dumping data for table `cart`
--

LOCK TABLES `cart` WRITE;
/*!40000 ALTER TABLE `cart` DISABLE KEYS */;
INSERT INTO `cart` VALUES (1,2,1,'2025-12-19 12:29:24','2025-12-19 12:45:27'),(2,1,NULL,'2025-12-19 17:15:50','2025-12-19 17:15:50');
/*!40000 ALTER TABLE `cart` ENABLE KEYS */;
UNLOCK TABLES;

--
-- Table structure for table `cart_items`
--

DROP TABLE IF EXISTS `cart_items`;
/*!40101 SET @saved_cs_client     = @@character_set_client */;
/*!50503 SET character_set_client = utf8mb4 */;
CREATE TABLE `cart_items` (
  `cart_item_id` int NOT NULL AUTO_INCREMENT,
  `cart_id` int NOT NULL,
  `product_code` varchar(50) NOT NULL COMMENT 'Mã sản phẩm',
  `provider_id` int NOT NULL COMMENT 'ID nhà cung cấp',
  `product_name` varchar(100) NOT NULL COMMENT 'Tên sản phẩm (snapshot)',
  `provider_name` varchar(50) NOT NULL COMMENT 'Tên nhà cung cấp (snapshot)',
  `unit_price` decimal(10,2) NOT NULL COMMENT 'Giá tại thời điểm thêm vào giỏ',
  `quantity` int NOT NULL DEFAULT '1',
  `created_at` timestamp NULL DEFAULT CURRENT_TIMESTAMP,
  `updated_at` timestamp NULL DEFAULT CURRENT_TIMESTAMP ON UPDATE CURRENT_TIMESTAMP,
  PRIMARY KEY (`cart_item_id`),
  UNIQUE KEY `unique_cart_product` (`cart_id`,`product_code`,`provider_id`),
  KEY `idx_cart` (`cart_id`),
  KEY `idx_product` (`product_code`,`provider_id`),
  KEY `cart_items_provider_fk` (`provider_id`),
  CONSTRAINT `cart_items_cart_fk` FOREIGN KEY (`cart_id`) REFERENCES `cart` (`cart_id`) ON DELETE CASCADE,
  CONSTRAINT `cart_items_provider_fk` FOREIGN KEY (`provider_id`) REFERENCES `providers` (`provider_id`) ON DELETE RESTRICT
) ENGINE=InnoDB AUTO_INCREMENT=6 DEFAULT CHARSET=utf8mb4 COLLATE=utf8mb4_0900_ai_ci;
/*!40101 SET character_set_client = @saved_cs_client */;

--
-- Dumping data for table `cart_items`
--

LOCK TABLES `cart_items` WRITE;
/*!40000 ALTER TABLE `cart_items` DISABLE KEYS */;
INSERT INTO `cart_items` VALUES (1,1,'MB10K',3,'Thẻ 10.000đ','Mobifone',10000.00,19,'2025-12-19 12:29:24','2025-12-19 18:32:42'),(2,1,'VT20K',1,'Thẻ 20.000đ','Viettel',20000.00,4,'2025-12-19 12:44:20','2025-12-19 17:16:07'),(3,2,'VT10K',1,'Thẻ 10.000đ','Viettel',10000.00,1,'2025-12-19 17:15:50','2025-12-19 17:15:50'),(4,1,'VT10K',1,'Thẻ 10.000đ','Viettel',10000.00,3,'2025-12-19 17:16:05','2025-12-19 18:45:30'),(5,1,'VN500K',2,'Thẻ 500.000đ','Vinaphone',500000.00,2,'2025-12-19 18:38:45','2025-12-19 18:39:01');
/*!40000 ALTER TABLE `cart_items` ENABLE KEYS */;
UNLOCK TABLES;

--
-- Table structure for table `feedbacks`
--

DROP TABLE IF EXISTS `feedbacks`;
/*!40101 SET @saved_cs_client     = @@character_set_client */;
/*!50503 SET character_set_client = utf8mb4 */;
CREATE TABLE `feedbacks` (
  `feedback_id` int NOT NULL AUTO_INCREMENT,
  `user_id` int NOT NULL,
  `content` text NOT NULL,
  `rating` int DEFAULT NULL,
  `status` enum('PENDING','RESOLVED','HIDDEN') DEFAULT 'PENDING',
  `is_visible` bit(1) DEFAULT b'0',
  `created_at` timestamp NULL DEFAULT CURRENT_TIMESTAMP,
  `updated_at` timestamp NULL DEFAULT CURRENT_TIMESTAMP ON UPDATE CURRENT_TIMESTAMP,
  `is_deleted` bit(1) DEFAULT b'0',
  `created_by` int DEFAULT NULL,
  `deleted_by` int DEFAULT NULL,
  PRIMARY KEY (`feedback_id`),
  KEY `user_id` (`user_id`),
  CONSTRAINT `feedbacks_user_fk` FOREIGN KEY (`user_id`) REFERENCES `users` (`user_id`) ON DELETE RESTRICT,
  CONSTRAINT `feedbacks_chk_rating` CHECK (((`rating` >= 1) and (`rating` <= 5)))
) ENGINE=InnoDB DEFAULT CHARSET=utf8mb4 COLLATE=utf8mb4_0900_ai_ci;
/*!40101 SET character_set_client = @saved_cs_client */;

--
-- Dumping data for table `feedbacks`
--

LOCK TABLES `feedbacks` WRITE;
/*!40000 ALTER TABLE `feedbacks` DISABLE KEYS */;
/*!40000 ALTER TABLE `feedbacks` ENABLE KEYS */;
UNLOCK TABLES;

--
-- Table structure for table `import_transactions`
--

DROP TABLE IF EXISTS `import_transactions`;
/*!40101 SET @saved_cs_client     = @@character_set_client */;
/*!50503 SET character_set_client = utf8mb4 */;
CREATE TABLE `import_transactions` (
  `import_id` int NOT NULL AUTO_INCREMENT,
  `provider_storage_id` int NOT NULL COMMENT 'ID của provider_storage',
  `quantity` int NOT NULL COMMENT 'Số lượng nhập',
  `purchase_price` decimal(10,2) NOT NULL COMMENT 'Giá nhập từ provider',
  `total_cost` decimal(15,2) NOT NULL COMMENT 'Tổng chi phí',
  `imported_by` int NOT NULL COMMENT 'Admin nhập hàng',
  `note` text COMMENT 'Ghi chú',
  `created_at` timestamp NULL DEFAULT CURRENT_TIMESTAMP,
  `is_deleted` bit(1) DEFAULT b'0',
  PRIMARY KEY (`import_id`),
  KEY `idx_provider_storage_id` (`provider_storage_id`),
  KEY `idx_imported_by` (`imported_by`),
  KEY `idx_created_at` (`created_at`),
  CONSTRAINT `import_provider_storage_fk` FOREIGN KEY (`provider_storage_id`) REFERENCES `provider_storage` (`provider_storage_id`) ON DELETE RESTRICT,
  CONSTRAINT `import_user_fk` FOREIGN KEY (`imported_by`) REFERENCES `users` (`user_id`) ON DELETE RESTRICT
) ENGINE=InnoDB AUTO_INCREMENT=10 DEFAULT CHARSET=utf8mb4 COLLATE=utf8mb4_0900_ai_ci;
/*!40101 SET character_set_client = @saved_cs_client */;

--
-- Dumping data for table `import_transactions`
--

LOCK TABLES `import_transactions` WRITE;
/*!40000 ALTER TABLE `import_transactions` DISABLE KEYS */;
INSERT INTO `import_transactions` VALUES (1,1,2,9500.00,19000.00,1,'Nhập 2 thẻ VT10K vào kho hệ thống','2025-12-19 09:19:39',_binary '\0'),(2,2,2,19000.00,38000.00,1,'Nhập 2 thẻ VT20K vào kho hệ thống','2025-12-19 09:22:37',_binary '\0'),(3,15,20,9550.00,191000.00,1,'Nhập 20 thẻ MB10K vào kho hệ thống','2025-12-19 09:56:54',_binary '\0'),(4,5,34,95000.00,3230000.00,1,'Nhập 34 thẻ VT100K vào kho hệ thống','2025-12-19 10:20:16',_binary '\0'),(5,12,10,95100.00,951000.00,1,'Nhập 10 thẻ VN100K vào kho hệ thống','2025-12-19 11:15:01',_binary '\0'),(6,14,5,476000.00,2380000.00,1,'Nhập 5 thẻ VN500K vào kho hệ thống','2025-12-19 11:17:38',_binary '\0'),(7,15,34,9550.00,324700.00,1,'Nhập 34 thẻ MB10K vào kho hệ thống','2025-12-19 17:14:10',_binary '\0'),(8,15,34,9550.00,324700.00,1,'Nhập 34 thẻ MB10K vào kho hệ thống','2025-12-19 18:19:52',_binary '\0'),(9,15,45,9550.00,429750.00,1,'Nhập 45 thẻ MB10K vào kho hệ thống','2025-12-19 18:28:17',_binary '\0');
/*!40000 ALTER TABLE `import_transactions` ENABLE KEYS */;
UNLOCK TABLES;

--
-- Table structure for table `orders`
--

DROP TABLE IF EXISTS `orders`;
/*!40101 SET @saved_cs_client     = @@character_set_client */;
/*!50503 SET character_set_client = utf8mb4 */;
CREATE TABLE `orders` (
  `order_id` int NOT NULL AUTO_INCREMENT,
  `user_id` int NOT NULL,
  `provider_name` varchar(50) NOT NULL,
  `product_code` varchar(50) NOT NULL,
  `product_name` varchar(100) NOT NULL,
  `unit_price` decimal(10,2) NOT NULL,
  `quantity` int NOT NULL,
  `product_log` json DEFAULT NULL,
  `voucher_id` int DEFAULT NULL,
  `voucher_code` varchar(50) DEFAULT NULL,
  `discount_amount` decimal(15,2) DEFAULT '0.00',
  `total_amount` decimal(15,2) NOT NULL,
  `status` enum('PENDING','PROCESSING','COMPLETED','FAILED') DEFAULT 'PENDING',
  `created_at` timestamp NULL DEFAULT CURRENT_TIMESTAMP,
  `updated_at` timestamp NULL DEFAULT CURRENT_TIMESTAMP ON UPDATE CURRENT_TIMESTAMP,
  `is_deleted` bit(1) DEFAULT b'0',
  `created_by` int DEFAULT NULL,
  `deleted_by` int DEFAULT NULL,
  PRIMARY KEY (`order_id`),
  KEY `user_id` (`user_id`),
  KEY `voucher_id` (`voucher_id`),
  CONSTRAINT `orders_user_fk` FOREIGN KEY (`user_id`) REFERENCES `users` (`user_id`) ON DELETE RESTRICT,
  CONSTRAINT `orders_voucher_fk` FOREIGN KEY (`voucher_id`) REFERENCES `vouchers` (`voucher_id`) ON DELETE RESTRICT
) ENGINE=InnoDB DEFAULT CHARSET=utf8mb4 COLLATE=utf8mb4_0900_ai_ci;
/*!40101 SET character_set_client = @saved_cs_client */;

--
-- Dumping data for table `orders`
--

LOCK TABLES `orders` WRITE;
/*!40000 ALTER TABLE `orders` DISABLE KEYS */;
/*!40000 ALTER TABLE `orders` ENABLE KEYS */;
UNLOCK TABLES;

--
-- Table structure for table `payment_gateway_transactions`
--

DROP TABLE IF EXISTS `payment_gateway_transactions`;
/*!40101 SET @saved_cs_client     = @@character_set_client */;
/*!50503 SET character_set_client = utf8mb4 */;
CREATE TABLE `payment_gateway_transactions` (
  `pg_id` int NOT NULL AUTO_INCREMENT,
  `transaction_id` int NOT NULL,
  `gateway_name` enum('VNPAY','MOMO') NOT NULL,
  `payment_ref_id` varchar(100) DEFAULT NULL,
  `gateway_transaction_id` varchar(100) DEFAULT NULL,
  `amount` decimal(15,2) DEFAULT NULL,
  `bank_code` varchar(20) DEFAULT NULL,
  `response_code` varchar(10) DEFAULT NULL,
  `full_response_log` text,
  `created_at` timestamp NULL DEFAULT CURRENT_TIMESTAMP,
  `updated_at` timestamp NULL DEFAULT CURRENT_TIMESTAMP ON UPDATE CURRENT_TIMESTAMP,
  `is_deleted` bit(1) DEFAULT b'0',
  `created_by` int DEFAULT NULL,
  `deleted_by` int DEFAULT NULL,
  PRIMARY KEY (`pg_id`),
  UNIQUE KEY `transaction_id` (`transaction_id`),
  CONSTRAINT `pg_trans_fk` FOREIGN KEY (`transaction_id`) REFERENCES `transactions` (`transaction_id`) ON DELETE RESTRICT
) ENGINE=InnoDB DEFAULT CHARSET=utf8mb4 COLLATE=utf8mb4_0900_ai_ci;
/*!40101 SET character_set_client = @saved_cs_client */;

--
-- Dumping data for table `payment_gateway_transactions`
--

LOCK TABLES `payment_gateway_transactions` WRITE;
/*!40000 ALTER TABLE `payment_gateway_transactions` DISABLE KEYS */;
/*!40000 ALTER TABLE `payment_gateway_transactions` ENABLE KEYS */;
UNLOCK TABLES;

--
-- Table structure for table `product_status`
--

DROP TABLE IF EXISTS `product_status`;
/*!40101 SET @saved_cs_client     = @@character_set_client */;
/*!50503 SET character_set_client = utf8mb4 */;
CREATE TABLE `product_status` (
  `id` int NOT NULL AUTO_INCREMENT,
  `product_code` varchar(50) NOT NULL,
  `provider_id` int NOT NULL,
  `status` enum('ACTIVE','INACTIVE') DEFAULT 'ACTIVE',
  `updated_at` timestamp NULL DEFAULT CURRENT_TIMESTAMP ON UPDATE CURRENT_TIMESTAMP,
  `updated_by` int DEFAULT NULL,
  PRIMARY KEY (`id`),
  UNIQUE KEY `unique_product_provider` (`product_code`,`provider_id`)
) ENGINE=InnoDB AUTO_INCREMENT=13 DEFAULT CHARSET=utf8mb4 COLLATE=utf8mb4_0900_ai_ci;
/*!40101 SET character_set_client = @saved_cs_client */;

--
-- Dumping data for table `product_status`
--

LOCK TABLES `product_status` WRITE;
/*!40000 ALTER TABLE `product_status` DISABLE KEYS */;
INSERT INTO `product_status` VALUES (1,'MB10K',3,'ACTIVE','2025-12-19 18:31:30',1),(2,'VT100K',1,'ACTIVE','2025-12-19 11:37:57',NULL),(3,'VT10K',1,'ACTIVE','2025-12-19 11:37:57',NULL),(4,'VT20K',1,'INACTIVE','2025-12-19 17:51:53',1),(5,'VN100K',2,'ACTIVE','2025-12-19 11:37:57',NULL),(6,'VN500K',2,'INACTIVE','2025-12-19 17:51:47',1);
/*!40000 ALTER TABLE `product_status` ENABLE KEYS */;
UNLOCK TABLES;

--
-- Table structure for table `product_storage`
--

DROP TABLE IF EXISTS `product_storage`;
/*!40101 SET @saved_cs_client     = @@character_set_client */;
/*!50503 SET character_set_client = utf8mb4 */;
CREATE TABLE `product_storage` (
  `storage_id` int NOT NULL AUTO_INCREMENT,
  `card_id` int DEFAULT NULL COMMENT 'Link về cards (thẻ từ nhà cung cấp)',
  `provider_storage_id` int DEFAULT NULL COMMENT 'Link về provider_storage (sản phẩm từ NCC)',
  `provider_id` int NOT NULL COMMENT 'ID nhà cung cấp',
  `provider_name` varchar(50) NOT NULL COMMENT 'Tên nhà cung cấp',
  `product_code` varchar(50) NOT NULL COMMENT 'Mã sản phẩm',
  `product_name` varchar(100) NOT NULL COMMENT 'Tên sản phẩm',
  `price` decimal(10,2) NOT NULL COMMENT 'Giá bán',
  `purchase_price` decimal(10,2) DEFAULT NULL COMMENT 'Giá nhập',
  `serial_number` varchar(50) NOT NULL COMMENT 'Serial number (copy từ cards)',
  `card_code` varchar(50) NOT NULL COMMENT 'Card code (copy từ cards)',
  `expiry_date` date DEFAULT NULL,
  `status` enum('AVAILABLE','SOLD','ERROR','EXPIRED') DEFAULT 'AVAILABLE',
  `sold_at` timestamp NULL DEFAULT NULL COMMENT 'Thời điểm bán',
  `sold_to_order_id` int DEFAULT NULL COMMENT 'Order ID nếu đã bán',
  `error_message` text,
  `created_at` timestamp NULL DEFAULT CURRENT_TIMESTAMP,
  `updated_at` timestamp NULL DEFAULT CURRENT_TIMESTAMP ON UPDATE CURRENT_TIMESTAMP,
  `is_deleted` bit(1) DEFAULT b'0',
  `created_by` int DEFAULT NULL,
  `deleted_by` int DEFAULT NULL,
  PRIMARY KEY (`storage_id`),
  UNIQUE KEY `uk_product_serial` (`serial_number`),
  UNIQUE KEY `uk_product_card` (`card_code`),
  KEY `idx_provider_storage` (`provider_storage_id`),
  KEY `idx_card_id` (`card_id`),
  KEY `idx_provider_id` (`provider_id`),
  KEY `idx_status` (`status`),
  KEY `idx_product_code` (`product_code`),
  CONSTRAINT `storage_card_fk` FOREIGN KEY (`card_id`) REFERENCES `cards` (`card_id`) ON DELETE SET NULL,
  CONSTRAINT `storage_provider_storage_fk` FOREIGN KEY (`provider_storage_id`) REFERENCES `provider_storage` (`provider_storage_id`) ON DELETE SET NULL
) ENGINE=InnoDB AUTO_INCREMENT=187 DEFAULT CHARSET=utf8mb4 COLLATE=utf8mb4_0900_ai_ci;
/*!40101 SET character_set_client = @saved_cs_client */;

--
-- Dumping data for table `product_storage`
--

LOCK TABLES `product_storage` WRITE;
/*!40000 ALTER TABLE `product_storage` DISABLE KEYS */;
INSERT INTO `product_storage` VALUES (1,NULL,1,1,'Viettel','VT10K','Thẻ 10.000đ',10000.00,9500.00,'VT10K_SER_1766135979811_0001','VT10K_CARD_1766135979811_000001',NULL,'AVAILABLE',NULL,NULL,NULL,'2025-12-19 09:19:39','2025-12-19 09:19:39',_binary '\0',1,NULL),(2,NULL,1,1,'Viettel','VT10K','Thẻ 10.000đ',10000.00,9500.00,'VT10K_SER_1766135979811_0002','VT10K_CARD_1766135979811_000002',NULL,'AVAILABLE',NULL,NULL,NULL,'2025-12-19 09:19:39','2025-12-19 09:19:39',_binary '\0',1,NULL),(3,NULL,2,1,'Viettel','VT20K','Thẻ 20.000đ',20000.00,19000.00,'VT20K_SER_1766136157618_0001','VT20K_CARD_1766136157618_000001',NULL,'AVAILABLE',NULL,NULL,NULL,'2025-12-19 09:22:37','2025-12-19 09:22:37',_binary '\0',1,NULL),(4,NULL,2,1,'Viettel','VT20K','Thẻ 20.000đ',20000.00,19000.00,'VT20K_SER_1766136157618_0002','VT20K_CARD_1766136157618_000002',NULL,'AVAILABLE',NULL,NULL,NULL,'2025-12-19 09:22:37','2025-12-19 09:22:37',_binary '\0',1,NULL),(5,NULL,15,3,'Mobifone','MB10K','Thẻ 10.000đ',10000.00,9550.00,'MB10K_SER_1766138214592_0001','MB10K_CARD_1766138214592_000001',NULL,'AVAILABLE',NULL,NULL,NULL,'2025-12-19 09:56:54','2025-12-19 09:56:54',_binary '\0',1,NULL),(6,NULL,15,3,'Mobifone','MB10K','Thẻ 10.000đ',10000.00,9550.00,'MB10K_SER_1766138214592_0002','MB10K_CARD_1766138214592_000002',NULL,'AVAILABLE',NULL,NULL,NULL,'2025-12-19 09:56:54','2025-12-19 09:56:54',_binary '\0',1,NULL),(7,NULL,15,3,'Mobifone','MB10K','Thẻ 10.000đ',10000.00,9550.00,'MB10K_SER_1766138214592_0003','MB10K_CARD_1766138214592_000003',NULL,'AVAILABLE',NULL,NULL,NULL,'2025-12-19 09:56:54','2025-12-19 09:56:54',_binary '\0',1,NULL),(8,NULL,15,3,'Mobifone','MB10K','Thẻ 10.000đ',10000.00,9550.00,'MB10K_SER_1766138214592_0004','MB10K_CARD_1766138214592_000004',NULL,'AVAILABLE',NULL,NULL,NULL,'2025-12-19 09:56:54','2025-12-19 09:56:54',_binary '\0',1,NULL),(9,NULL,15,3,'Mobifone','MB10K','Thẻ 10.000đ',10000.00,9550.00,'MB10K_SER_1766138214592_0005','MB10K_CARD_1766138214592_000005',NULL,'AVAILABLE',NULL,NULL,NULL,'2025-12-19 09:56:54','2025-12-19 09:56:54',_binary '\0',1,NULL),(10,NULL,15,3,'Mobifone','MB10K','Thẻ 10.000đ',10000.00,9550.00,'MB10K_SER_1766138214592_0006','MB10K_CARD_1766138214592_000006',NULL,'AVAILABLE',NULL,NULL,NULL,'2025-12-19 09:56:54','2025-12-19 09:56:54',_binary '\0',1,NULL),(11,NULL,15,3,'Mobifone','MB10K','Thẻ 10.000đ',10000.00,9550.00,'MB10K_SER_1766138214592_0007','MB10K_CARD_1766138214592_000007',NULL,'AVAILABLE',NULL,NULL,NULL,'2025-12-19 09:56:54','2025-12-19 09:56:54',_binary '\0',1,NULL),(12,NULL,15,3,'Mobifone','MB10K','Thẻ 10.000đ',10000.00,9550.00,'MB10K_SER_1766138214592_0008','MB10K_CARD_1766138214592_000008',NULL,'AVAILABLE',NULL,NULL,NULL,'2025-12-19 09:56:54','2025-12-19 09:56:54',_binary '\0',1,NULL),(13,NULL,15,3,'Mobifone','MB10K','Thẻ 10.000đ',10000.00,9550.00,'MB10K_SER_1766138214592_0009','MB10K_CARD_1766138214592_000009',NULL,'AVAILABLE',NULL,NULL,NULL,'2025-12-19 09:56:54','2025-12-19 09:56:54',_binary '\0',1,NULL),(14,NULL,15,3,'Mobifone','MB10K','Thẻ 10.000đ',10000.00,9550.00,'MB10K_SER_1766138214592_0010','MB10K_CARD_1766138214592_000010',NULL,'AVAILABLE',NULL,NULL,NULL,'2025-12-19 09:56:54','2025-12-19 09:56:54',_binary '\0',1,NULL),(15,NULL,15,3,'Mobifone','MB10K','Thẻ 10.000đ',10000.00,9550.00,'MB10K_SER_1766138214592_0011','MB10K_CARD_1766138214592_000011',NULL,'AVAILABLE',NULL,NULL,NULL,'2025-12-19 09:56:54','2025-12-19 09:56:54',_binary '\0',1,NULL),(16,NULL,15,3,'Mobifone','MB10K','Thẻ 10.000đ',10000.00,9550.00,'MB10K_SER_1766138214592_0012','MB10K_CARD_1766138214592_000012',NULL,'AVAILABLE',NULL,NULL,NULL,'2025-12-19 09:56:54','2025-12-19 09:56:54',_binary '\0',1,NULL),(17,NULL,15,3,'Mobifone','MB10K','Thẻ 10.000đ',10000.00,9550.00,'MB10K_SER_1766138214592_0013','MB10K_CARD_1766138214592_000013',NULL,'AVAILABLE',NULL,NULL,NULL,'2025-12-19 09:56:54','2025-12-19 09:56:54',_binary '\0',1,NULL),(18,NULL,15,3,'Mobifone','MB10K','Thẻ 10.000đ',10000.00,9550.00,'MB10K_SER_1766138214592_0014','MB10K_CARD_1766138214592_000014',NULL,'AVAILABLE',NULL,NULL,NULL,'2025-12-19 09:56:54','2025-12-19 09:56:54',_binary '\0',1,NULL),(19,NULL,15,3,'Mobifone','MB10K','Thẻ 10.000đ',10000.00,9550.00,'MB10K_SER_1766138214592_0015','MB10K_CARD_1766138214592_000015',NULL,'AVAILABLE',NULL,NULL,NULL,'2025-12-19 09:56:54','2025-12-19 09:56:54',_binary '\0',1,NULL),(20,NULL,15,3,'Mobifone','MB10K','Thẻ 10.000đ',10000.00,9550.00,'MB10K_SER_1766138214592_0016','MB10K_CARD_1766138214592_000016',NULL,'AVAILABLE',NULL,NULL,NULL,'2025-12-19 09:56:54','2025-12-19 09:56:54',_binary '\0',1,NULL),(21,NULL,15,3,'Mobifone','MB10K','Thẻ 10.000đ',10000.00,9550.00,'MB10K_SER_1766138214592_0017','MB10K_CARD_1766138214592_000017',NULL,'AVAILABLE',NULL,NULL,NULL,'2025-12-19 09:56:54','2025-12-19 09:56:54',_binary '\0',1,NULL),(22,NULL,15,3,'Mobifone','MB10K','Thẻ 10.000đ',10000.00,9550.00,'MB10K_SER_1766138214592_0018','MB10K_CARD_1766138214592_000018',NULL,'AVAILABLE',NULL,NULL,NULL,'2025-12-19 09:56:54','2025-12-19 09:56:54',_binary '\0',1,NULL),(23,NULL,15,3,'Mobifone','MB10K','Thẻ 10.000đ',10000.00,9550.00,'MB10K_SER_1766138214592_0019','MB10K_CARD_1766138214592_000019',NULL,'AVAILABLE',NULL,NULL,NULL,'2025-12-19 09:56:54','2025-12-19 09:56:54',_binary '\0',1,NULL),(24,NULL,15,3,'Mobifone','MB10K','Thẻ 10.000đ',10000.00,9550.00,'MB10K_SER_1766138214592_0020','MB10K_CARD_1766138214592_000020',NULL,'AVAILABLE',NULL,NULL,NULL,'2025-12-19 09:56:54','2025-12-19 09:56:54',_binary '\0',1,NULL),(25,NULL,5,1,'Viettel','VT100K','Thẻ 100.000đ',100000.00,95000.00,'VT100K_SER_1766139615932_0001','VT100K_CARD_1766139615932_000001',NULL,'AVAILABLE',NULL,NULL,NULL,'2025-12-19 10:20:15','2025-12-19 10:20:15',_binary '\0',1,NULL),(26,NULL,5,1,'Viettel','VT100K','Thẻ 100.000đ',100000.00,95000.00,'VT100K_SER_1766139615932_0002','VT100K_CARD_1766139615932_000002',NULL,'AVAILABLE',NULL,NULL,NULL,'2025-12-19 10:20:15','2025-12-19 10:20:15',_binary '\0',1,NULL),(27,NULL,5,1,'Viettel','VT100K','Thẻ 100.000đ',100000.00,95000.00,'VT100K_SER_1766139615932_0003','VT100K_CARD_1766139615932_000003',NULL,'AVAILABLE',NULL,NULL,NULL,'2025-12-19 10:20:15','2025-12-19 10:20:15',_binary '\0',1,NULL),(28,NULL,5,1,'Viettel','VT100K','Thẻ 100.000đ',100000.00,95000.00,'VT100K_SER_1766139615932_0004','VT100K_CARD_1766139615932_000004',NULL,'AVAILABLE',NULL,NULL,NULL,'2025-12-19 10:20:15','2025-12-19 10:20:15',_binary '\0',1,NULL),(29,NULL,5,1,'Viettel','VT100K','Thẻ 100.000đ',100000.00,95000.00,'VT100K_SER_1766139615932_0005','VT100K_CARD_1766139615932_000005',NULL,'AVAILABLE',NULL,NULL,NULL,'2025-12-19 10:20:15','2025-12-19 10:20:15',_binary '\0',1,NULL),(30,NULL,5,1,'Viettel','VT100K','Thẻ 100.000đ',100000.00,95000.00,'VT100K_SER_1766139615932_0006','VT100K_CARD_1766139615932_000006',NULL,'AVAILABLE',NULL,NULL,NULL,'2025-12-19 10:20:15','2025-12-19 10:20:15',_binary '\0',1,NULL),(31,NULL,5,1,'Viettel','VT100K','Thẻ 100.000đ',100000.00,95000.00,'VT100K_SER_1766139615932_0007','VT100K_CARD_1766139615932_000007',NULL,'AVAILABLE',NULL,NULL,NULL,'2025-12-19 10:20:15','2025-12-19 10:20:15',_binary '\0',1,NULL),(32,NULL,5,1,'Viettel','VT100K','Thẻ 100.000đ',100000.00,95000.00,'VT100K_SER_1766139615932_0008','VT100K_CARD_1766139615932_000008',NULL,'AVAILABLE',NULL,NULL,NULL,'2025-12-19 10:20:15','2025-12-19 10:20:15',_binary '\0',1,NULL),(33,NULL,5,1,'Viettel','VT100K','Thẻ 100.000đ',100000.00,95000.00,'VT100K_SER_1766139615932_0009','VT100K_CARD_1766139615932_000009',NULL,'AVAILABLE',NULL,NULL,NULL,'2025-12-19 10:20:15','2025-12-19 10:20:15',_binary '\0',1,NULL),(34,NULL,5,1,'Viettel','VT100K','Thẻ 100.000đ',100000.00,95000.00,'VT100K_SER_1766139615932_0010','VT100K_CARD_1766139615932_000010',NULL,'AVAILABLE',NULL,NULL,NULL,'2025-12-19 10:20:15','2025-12-19 10:20:15',_binary '\0',1,NULL),(35,NULL,5,1,'Viettel','VT100K','Thẻ 100.000đ',100000.00,95000.00,'VT100K_SER_1766139615932_0011','VT100K_CARD_1766139615932_000011',NULL,'AVAILABLE',NULL,NULL,NULL,'2025-12-19 10:20:15','2025-12-19 10:20:15',_binary '\0',1,NULL),(36,NULL,5,1,'Viettel','VT100K','Thẻ 100.000đ',100000.00,95000.00,'VT100K_SER_1766139615932_0012','VT100K_CARD_1766139615932_000012',NULL,'AVAILABLE',NULL,NULL,NULL,'2025-12-19 10:20:15','2025-12-19 10:20:15',_binary '\0',1,NULL),(37,NULL,5,1,'Viettel','VT100K','Thẻ 100.000đ',100000.00,95000.00,'VT100K_SER_1766139615932_0013','VT100K_CARD_1766139615932_000013',NULL,'AVAILABLE',NULL,NULL,NULL,'2025-12-19 10:20:15','2025-12-19 10:20:15',_binary '\0',1,NULL),(38,NULL,5,1,'Viettel','VT100K','Thẻ 100.000đ',100000.00,95000.00,'VT100K_SER_1766139615932_0014','VT100K_CARD_1766139615932_000014',NULL,'AVAILABLE',NULL,NULL,NULL,'2025-12-19 10:20:15','2025-12-19 10:20:15',_binary '\0',1,NULL),(39,NULL,5,1,'Viettel','VT100K','Thẻ 100.000đ',100000.00,95000.00,'VT100K_SER_1766139615932_0015','VT100K_CARD_1766139615932_000015',NULL,'AVAILABLE',NULL,NULL,NULL,'2025-12-19 10:20:15','2025-12-19 10:20:15',_binary '\0',1,NULL),(40,NULL,5,1,'Viettel','VT100K','Thẻ 100.000đ',100000.00,95000.00,'VT100K_SER_1766139615932_0016','VT100K_CARD_1766139615932_000016',NULL,'AVAILABLE',NULL,NULL,NULL,'2025-12-19 10:20:15','2025-12-19 10:20:15',_binary '\0',1,NULL),(41,NULL,5,1,'Viettel','VT100K','Thẻ 100.000đ',100000.00,95000.00,'VT100K_SER_1766139615932_0017','VT100K_CARD_1766139615932_000017',NULL,'AVAILABLE',NULL,NULL,NULL,'2025-12-19 10:20:15','2025-12-19 10:20:15',_binary '\0',1,NULL),(42,NULL,5,1,'Viettel','VT100K','Thẻ 100.000đ',100000.00,95000.00,'VT100K_SER_1766139615932_0018','VT100K_CARD_1766139615932_000018',NULL,'AVAILABLE',NULL,NULL,NULL,'2025-12-19 10:20:15','2025-12-19 10:20:15',_binary '\0',1,NULL),(43,NULL,5,1,'Viettel','VT100K','Thẻ 100.000đ',100000.00,95000.00,'VT100K_SER_1766139615932_0019','VT100K_CARD_1766139615932_000019',NULL,'AVAILABLE',NULL,NULL,NULL,'2025-12-19 10:20:15','2025-12-19 10:20:15',_binary '\0',1,NULL),(44,NULL,5,1,'Viettel','VT100K','Thẻ 100.000đ',100000.00,95000.00,'VT100K_SER_1766139615932_0020','VT100K_CARD_1766139615932_000020',NULL,'AVAILABLE',NULL,NULL,NULL,'2025-12-19 10:20:15','2025-12-19 10:20:15',_binary '\0',1,NULL),(45,NULL,5,1,'Viettel','VT100K','Thẻ 100.000đ',100000.00,95000.00,'VT100K_SER_1766139615932_0021','VT100K_CARD_1766139615932_000021',NULL,'AVAILABLE',NULL,NULL,NULL,'2025-12-19 10:20:15','2025-12-19 10:20:15',_binary '\0',1,NULL),(46,NULL,5,1,'Viettel','VT100K','Thẻ 100.000đ',100000.00,95000.00,'VT100K_SER_1766139615932_0022','VT100K_CARD_1766139615932_000022',NULL,'AVAILABLE',NULL,NULL,NULL,'2025-12-19 10:20:15','2025-12-19 10:20:15',_binary '\0',1,NULL),(47,NULL,5,1,'Viettel','VT100K','Thẻ 100.000đ',100000.00,95000.00,'VT100K_SER_1766139615932_0023','VT100K_CARD_1766139615932_000023',NULL,'AVAILABLE',NULL,NULL,NULL,'2025-12-19 10:20:16','2025-12-19 10:20:16',_binary '\0',1,NULL),(48,NULL,5,1,'Viettel','VT100K','Thẻ 100.000đ',100000.00,95000.00,'VT100K_SER_1766139615932_0024','VT100K_CARD_1766139615932_000024',NULL,'AVAILABLE',NULL,NULL,NULL,'2025-12-19 10:20:16','2025-12-19 10:20:16',_binary '\0',1,NULL),(49,NULL,5,1,'Viettel','VT100K','Thẻ 100.000đ',100000.00,95000.00,'VT100K_SER_1766139615932_0025','VT100K_CARD_1766139615932_000025',NULL,'AVAILABLE',NULL,NULL,NULL,'2025-12-19 10:20:16','2025-12-19 10:20:16',_binary '\0',1,NULL),(50,NULL,5,1,'Viettel','VT100K','Thẻ 100.000đ',100000.00,95000.00,'VT100K_SER_1766139615932_0026','VT100K_CARD_1766139615932_000026',NULL,'AVAILABLE',NULL,NULL,NULL,'2025-12-19 10:20:16','2025-12-19 10:20:16',_binary '\0',1,NULL),(51,NULL,5,1,'Viettel','VT100K','Thẻ 100.000đ',100000.00,95000.00,'VT100K_SER_1766139615932_0027','VT100K_CARD_1766139615932_000027',NULL,'AVAILABLE',NULL,NULL,NULL,'2025-12-19 10:20:16','2025-12-19 10:20:16',_binary '\0',1,NULL),(52,NULL,5,1,'Viettel','VT100K','Thẻ 100.000đ',100000.00,95000.00,'VT100K_SER_1766139615932_0028','VT100K_CARD_1766139615932_000028',NULL,'AVAILABLE',NULL,NULL,NULL,'2025-12-19 10:20:16','2025-12-19 10:20:16',_binary '\0',1,NULL),(53,NULL,5,1,'Viettel','VT100K','Thẻ 100.000đ',100000.00,95000.00,'VT100K_SER_1766139615932_0029','VT100K_CARD_1766139615932_000029',NULL,'AVAILABLE',NULL,NULL,NULL,'2025-12-19 10:20:16','2025-12-19 10:20:16',_binary '\0',1,NULL),(54,NULL,5,1,'Viettel','VT100K','Thẻ 100.000đ',100000.00,95000.00,'VT100K_SER_1766139615932_0030','VT100K_CARD_1766139615932_000030',NULL,'AVAILABLE',NULL,NULL,NULL,'2025-12-19 10:20:16','2025-12-19 10:20:16',_binary '\0',1,NULL),(55,NULL,5,1,'Viettel','VT100K','Thẻ 100.000đ',100000.00,95000.00,'VT100K_SER_1766139615932_0031','VT100K_CARD_1766139615932_000031',NULL,'AVAILABLE',NULL,NULL,NULL,'2025-12-19 10:20:16','2025-12-19 10:20:16',_binary '\0',1,NULL),(56,NULL,5,1,'Viettel','VT100K','Thẻ 100.000đ',100000.00,95000.00,'VT100K_SER_1766139615932_0032','VT100K_CARD_1766139615932_000032',NULL,'AVAILABLE',NULL,NULL,NULL,'2025-12-19 10:20:16','2025-12-19 10:20:16',_binary '\0',1,NULL),(57,NULL,5,1,'Viettel','VT100K','Thẻ 100.000đ',100000.00,95000.00,'VT100K_SER_1766139615932_0033','VT100K_CARD_1766139615932_000033',NULL,'AVAILABLE',NULL,NULL,NULL,'2025-12-19 10:20:16','2025-12-19 10:20:16',_binary '\0',1,NULL),(58,NULL,5,1,'Viettel','VT100K','Thẻ 100.000đ',100000.00,95000.00,'VT100K_SER_1766139615932_0034','VT100K_CARD_1766139615932_000034',NULL,'AVAILABLE',NULL,NULL,NULL,'2025-12-19 10:20:16','2025-12-19 10:20:16',_binary '\0',1,NULL),(59,NULL,12,2,'Vinaphone','VN100K','Thẻ 100.000đ',100000.00,95100.00,'VN100K_SER_1766142901240_0001','VN100K_CARD_1766142901240_000001',NULL,'AVAILABLE',NULL,NULL,NULL,'2025-12-19 11:15:01','2025-12-19 11:15:01',_binary '\0',1,NULL),(60,NULL,12,2,'Vinaphone','VN100K','Thẻ 100.000đ',100000.00,95100.00,'VN100K_SER_1766142901240_0002','VN100K_CARD_1766142901240_000002',NULL,'AVAILABLE',NULL,NULL,NULL,'2025-12-19 11:15:01','2025-12-19 11:15:01',_binary '\0',1,NULL),(61,NULL,12,2,'Vinaphone','VN100K','Thẻ 100.000đ',100000.00,95100.00,'VN100K_SER_1766142901240_0003','VN100K_CARD_1766142901240_000003',NULL,'AVAILABLE',NULL,NULL,NULL,'2025-12-19 11:15:01','2025-12-19 11:15:01',_binary '\0',1,NULL),(62,NULL,12,2,'Vinaphone','VN100K','Thẻ 100.000đ',100000.00,95100.00,'VN100K_SER_1766142901240_0004','VN100K_CARD_1766142901240_000004',NULL,'AVAILABLE',NULL,NULL,NULL,'2025-12-19 11:15:01','2025-12-19 11:15:01',_binary '\0',1,NULL),(63,NULL,12,2,'Vinaphone','VN100K','Thẻ 100.000đ',100000.00,95100.00,'VN100K_SER_1766142901240_0005','VN100K_CARD_1766142901240_000005',NULL,'AVAILABLE',NULL,NULL,NULL,'2025-12-19 11:15:01','2025-12-19 11:15:01',_binary '\0',1,NULL),(64,NULL,12,2,'Vinaphone','VN100K','Thẻ 100.000đ',100000.00,95100.00,'VN100K_SER_1766142901240_0006','VN100K_CARD_1766142901240_000006',NULL,'AVAILABLE',NULL,NULL,NULL,'2025-12-19 11:15:01','2025-12-19 11:15:01',_binary '\0',1,NULL),(65,NULL,12,2,'Vinaphone','VN100K','Thẻ 100.000đ',100000.00,95100.00,'VN100K_SER_1766142901240_0007','VN100K_CARD_1766142901240_000007',NULL,'AVAILABLE',NULL,NULL,NULL,'2025-12-19 11:15:01','2025-12-19 11:15:01',_binary '\0',1,NULL),(66,NULL,12,2,'Vinaphone','VN100K','Thẻ 100.000đ',100000.00,95100.00,'VN100K_SER_1766142901240_0008','VN100K_CARD_1766142901240_000008',NULL,'AVAILABLE',NULL,NULL,NULL,'2025-12-19 11:15:01','2025-12-19 11:15:01',_binary '\0',1,NULL),(67,NULL,12,2,'Vinaphone','VN100K','Thẻ 100.000đ',100000.00,95100.00,'VN100K_SER_1766142901240_0009','VN100K_CARD_1766142901240_000009',NULL,'AVAILABLE',NULL,NULL,NULL,'2025-12-19 11:15:01','2025-12-19 11:15:01',_binary '\0',1,NULL),(68,NULL,12,2,'Vinaphone','VN100K','Thẻ 100.000đ',100000.00,95100.00,'VN100K_SER_1766142901240_0010','VN100K_CARD_1766142901240_000010',NULL,'AVAILABLE',NULL,NULL,NULL,'2025-12-19 11:15:01','2025-12-19 11:15:01',_binary '\0',1,NULL),(69,NULL,14,2,'Vinaphone','VN500K','Thẻ 500.000đ',500000.00,476000.00,'VN500K_SER_1766143058115_0001','VN500K_CARD_1766143058115_000001',NULL,'AVAILABLE',NULL,NULL,NULL,'2025-12-19 11:17:38','2025-12-19 11:17:38',_binary '\0',1,NULL),(70,NULL,14,2,'Vinaphone','VN500K','Thẻ 500.000đ',500000.00,476000.00,'VN500K_SER_1766143058115_0002','VN500K_CARD_1766143058115_000002',NULL,'AVAILABLE',NULL,NULL,NULL,'2025-12-19 11:17:38','2025-12-19 11:17:38',_binary '\0',1,NULL),(71,NULL,14,2,'Vinaphone','VN500K','Thẻ 500.000đ',500000.00,476000.00,'VN500K_SER_1766143058115_0003','VN500K_CARD_1766143058115_000003',NULL,'AVAILABLE',NULL,NULL,NULL,'2025-12-19 11:17:38','2025-12-19 11:17:38',_binary '\0',1,NULL),(72,NULL,14,2,'Vinaphone','VN500K','Thẻ 500.000đ',500000.00,476000.00,'VN500K_SER_1766143058115_0004','VN500K_CARD_1766143058115_000004',NULL,'AVAILABLE',NULL,NULL,NULL,'2025-12-19 11:17:38','2025-12-19 11:17:38',_binary '\0',1,NULL),(73,NULL,14,2,'Vinaphone','VN500K','Thẻ 500.000đ',500000.00,476000.00,'VN500K_SER_1766143058115_0005','VN500K_CARD_1766143058115_000005',NULL,'AVAILABLE',NULL,NULL,NULL,'2025-12-19 11:17:38','2025-12-19 11:17:38',_binary '\0',1,NULL),(74,NULL,15,3,'Mobifone','MB10K','Thẻ 10.000đ',10000.00,9550.00,'MB10K_SER_1766164450663_0001','MB10K_CARD_1766164450663_000001',NULL,'AVAILABLE',NULL,NULL,NULL,'2025-12-19 17:14:10','2025-12-19 17:14:10',_binary '\0',1,NULL),(75,NULL,15,3,'Mobifone','MB10K','Thẻ 10.000đ',10000.00,9550.00,'MB10K_SER_1766164450663_0002','MB10K_CARD_1766164450663_000002',NULL,'AVAILABLE',NULL,NULL,NULL,'2025-12-19 17:14:10','2025-12-19 17:14:10',_binary '\0',1,NULL),(76,NULL,15,3,'Mobifone','MB10K','Thẻ 10.000đ',10000.00,9550.00,'MB10K_SER_1766164450663_0003','MB10K_CARD_1766164450663_000003',NULL,'AVAILABLE',NULL,NULL,NULL,'2025-12-19 17:14:10','2025-12-19 17:14:10',_binary '\0',1,NULL),(77,NULL,15,3,'Mobifone','MB10K','Thẻ 10.000đ',10000.00,9550.00,'MB10K_SER_1766164450663_0004','MB10K_CARD_1766164450663_000004',NULL,'AVAILABLE',NULL,NULL,NULL,'2025-12-19 17:14:10','2025-12-19 17:14:10',_binary '\0',1,NULL),(78,NULL,15,3,'Mobifone','MB10K','Thẻ 10.000đ',10000.00,9550.00,'MB10K_SER_1766164450663_0005','MB10K_CARD_1766164450663_000005',NULL,'AVAILABLE',NULL,NULL,NULL,'2025-12-19 17:14:10','2025-12-19 17:14:10',_binary '\0',1,NULL),(79,NULL,15,3,'Mobifone','MB10K','Thẻ 10.000đ',10000.00,9550.00,'MB10K_SER_1766164450663_0006','MB10K_CARD_1766164450663_000006',NULL,'AVAILABLE',NULL,NULL,NULL,'2025-12-19 17:14:10','2025-12-19 17:14:10',_binary '\0',1,NULL),(80,NULL,15,3,'Mobifone','MB10K','Thẻ 10.000đ',10000.00,9550.00,'MB10K_SER_1766164450663_0007','MB10K_CARD_1766164450663_000007',NULL,'AVAILABLE',NULL,NULL,NULL,'2025-12-19 17:14:10','2025-12-19 17:14:10',_binary '\0',1,NULL),(81,NULL,15,3,'Mobifone','MB10K','Thẻ 10.000đ',10000.00,9550.00,'MB10K_SER_1766164450663_0008','MB10K_CARD_1766164450663_000008',NULL,'AVAILABLE',NULL,NULL,NULL,'2025-12-19 17:14:10','2025-12-19 17:14:10',_binary '\0',1,NULL),(82,NULL,15,3,'Mobifone','MB10K','Thẻ 10.000đ',10000.00,9550.00,'MB10K_SER_1766164450663_0009','MB10K_CARD_1766164450663_000009',NULL,'AVAILABLE',NULL,NULL,NULL,'2025-12-19 17:14:10','2025-12-19 17:14:10',_binary '\0',1,NULL),(83,NULL,15,3,'Mobifone','MB10K','Thẻ 10.000đ',10000.00,9550.00,'MB10K_SER_1766164450663_0010','MB10K_CARD_1766164450663_000010',NULL,'AVAILABLE',NULL,NULL,NULL,'2025-12-19 17:14:10','2025-12-19 17:14:10',_binary '\0',1,NULL),(84,NULL,15,3,'Mobifone','MB10K','Thẻ 10.000đ',10000.00,9550.00,'MB10K_SER_1766164450663_0011','MB10K_CARD_1766164450663_000011',NULL,'AVAILABLE',NULL,NULL,NULL,'2025-12-19 17:14:10','2025-12-19 17:14:10',_binary '\0',1,NULL),(85,NULL,15,3,'Mobifone','MB10K','Thẻ 10.000đ',10000.00,9550.00,'MB10K_SER_1766164450663_0012','MB10K_CARD_1766164450663_000012',NULL,'AVAILABLE',NULL,NULL,NULL,'2025-12-19 17:14:10','2025-12-19 17:14:10',_binary '\0',1,NULL),(86,NULL,15,3,'Mobifone','MB10K','Thẻ 10.000đ',10000.00,9550.00,'MB10K_SER_1766164450663_0013','MB10K_CARD_1766164450663_000013',NULL,'AVAILABLE',NULL,NULL,NULL,'2025-12-19 17:14:10','2025-12-19 17:14:10',_binary '\0',1,NULL),(87,NULL,15,3,'Mobifone','MB10K','Thẻ 10.000đ',10000.00,9550.00,'MB10K_SER_1766164450663_0014','MB10K_CARD_1766164450663_000014',NULL,'AVAILABLE',NULL,NULL,NULL,'2025-12-19 17:14:10','2025-12-19 17:14:10',_binary '\0',1,NULL),(88,NULL,15,3,'Mobifone','MB10K','Thẻ 10.000đ',10000.00,9550.00,'MB10K_SER_1766164450663_0015','MB10K_CARD_1766164450663_000015',NULL,'AVAILABLE',NULL,NULL,NULL,'2025-12-19 17:14:10','2025-12-19 17:14:10',_binary '\0',1,NULL),(89,NULL,15,3,'Mobifone','MB10K','Thẻ 10.000đ',10000.00,9550.00,'MB10K_SER_1766164450663_0016','MB10K_CARD_1766164450663_000016',NULL,'AVAILABLE',NULL,NULL,NULL,'2025-12-19 17:14:10','2025-12-19 17:14:10',_binary '\0',1,NULL),(90,NULL,15,3,'Mobifone','MB10K','Thẻ 10.000đ',10000.00,9550.00,'MB10K_SER_1766164450663_0017','MB10K_CARD_1766164450663_000017',NULL,'AVAILABLE',NULL,NULL,NULL,'2025-12-19 17:14:10','2025-12-19 17:14:10',_binary '\0',1,NULL),(91,NULL,15,3,'Mobifone','MB10K','Thẻ 10.000đ',10000.00,9550.00,'MB10K_SER_1766164450663_0018','MB10K_CARD_1766164450663_000018',NULL,'AVAILABLE',NULL,NULL,NULL,'2025-12-19 17:14:10','2025-12-19 17:14:10',_binary '\0',1,NULL),(92,NULL,15,3,'Mobifone','MB10K','Thẻ 10.000đ',10000.00,9550.00,'MB10K_SER_1766164450663_0019','MB10K_CARD_1766164450663_000019',NULL,'AVAILABLE',NULL,NULL,NULL,'2025-12-19 17:14:10','2025-12-19 17:14:10',_binary '\0',1,NULL),(93,NULL,15,3,'Mobifone','MB10K','Thẻ 10.000đ',10000.00,9550.00,'MB10K_SER_1766164450663_0020','MB10K_CARD_1766164450663_000020',NULL,'AVAILABLE',NULL,NULL,NULL,'2025-12-19 17:14:10','2025-12-19 17:14:10',_binary '\0',1,NULL),(94,NULL,15,3,'Mobifone','MB10K','Thẻ 10.000đ',10000.00,9550.00,'MB10K_SER_1766164450663_0021','MB10K_CARD_1766164450663_000021',NULL,'AVAILABLE',NULL,NULL,NULL,'2025-12-19 17:14:10','2025-12-19 17:14:10',_binary '\0',1,NULL),(95,NULL,15,3,'Mobifone','MB10K','Thẻ 10.000đ',10000.00,9550.00,'MB10K_SER_1766164450663_0022','MB10K_CARD_1766164450663_000022',NULL,'AVAILABLE',NULL,NULL,NULL,'2025-12-19 17:14:10','2025-12-19 17:14:10',_binary '\0',1,NULL),(96,NULL,15,3,'Mobifone','MB10K','Thẻ 10.000đ',10000.00,9550.00,'MB10K_SER_1766164450663_0023','MB10K_CARD_1766164450663_000023',NULL,'AVAILABLE',NULL,NULL,NULL,'2025-12-19 17:14:10','2025-12-19 17:14:10',_binary '\0',1,NULL),(97,NULL,15,3,'Mobifone','MB10K','Thẻ 10.000đ',10000.00,9550.00,'MB10K_SER_1766164450663_0024','MB10K_CARD_1766164450663_000024',NULL,'AVAILABLE',NULL,NULL,NULL,'2025-12-19 17:14:10','2025-12-19 17:14:10',_binary '\0',1,NULL),(98,NULL,15,3,'Mobifone','MB10K','Thẻ 10.000đ',10000.00,9550.00,'MB10K_SER_1766164450663_0025','MB10K_CARD_1766164450663_000025',NULL,'AVAILABLE',NULL,NULL,NULL,'2025-12-19 17:14:10','2025-12-19 17:14:10',_binary '\0',1,NULL),(99,NULL,15,3,'Mobifone','MB10K','Thẻ 10.000đ',10000.00,9550.00,'MB10K_SER_1766164450663_0026','MB10K_CARD_1766164450663_000026',NULL,'AVAILABLE',NULL,NULL,NULL,'2025-12-19 17:14:10','2025-12-19 17:14:10',_binary '\0',1,NULL),(100,NULL,15,3,'Mobifone','MB10K','Thẻ 10.000đ',10000.00,9550.00,'MB10K_SER_1766164450663_0027','MB10K_CARD_1766164450663_000027',NULL,'AVAILABLE',NULL,NULL,NULL,'2025-12-19 17:14:10','2025-12-19 17:14:10',_binary '\0',1,NULL),(101,NULL,15,3,'Mobifone','MB10K','Thẻ 10.000đ',10000.00,9550.00,'MB10K_SER_1766164450663_0028','MB10K_CARD_1766164450663_000028',NULL,'AVAILABLE',NULL,NULL,NULL,'2025-12-19 17:14:10','2025-12-19 17:14:10',_binary '\0',1,NULL),(102,NULL,15,3,'Mobifone','MB10K','Thẻ 10.000đ',10000.00,9550.00,'MB10K_SER_1766164450663_0029','MB10K_CARD_1766164450663_000029',NULL,'AVAILABLE',NULL,NULL,NULL,'2025-12-19 17:14:10','2025-12-19 17:14:10',_binary '\0',1,NULL),(103,NULL,15,3,'Mobifone','MB10K','Thẻ 10.000đ',10000.00,9550.00,'MB10K_SER_1766164450663_0030','MB10K_CARD_1766164450663_000030',NULL,'AVAILABLE',NULL,NULL,NULL,'2025-12-19 17:14:10','2025-12-19 17:14:10',_binary '\0',1,NULL),(104,NULL,15,3,'Mobifone','MB10K','Thẻ 10.000đ',10000.00,9550.00,'MB10K_SER_1766164450663_0031','MB10K_CARD_1766164450663_000031',NULL,'AVAILABLE',NULL,NULL,NULL,'2025-12-19 17:14:10','2025-12-19 17:14:10',_binary '\0',1,NULL),(105,NULL,15,3,'Mobifone','MB10K','Thẻ 10.000đ',10000.00,9550.00,'MB10K_SER_1766164450663_0032','MB10K_CARD_1766164450663_000032',NULL,'AVAILABLE',NULL,NULL,NULL,'2025-12-19 17:14:10','2025-12-19 17:14:10',_binary '\0',1,NULL),(106,NULL,15,3,'Mobifone','MB10K','Thẻ 10.000đ',10000.00,9550.00,'MB10K_SER_1766164450663_0033','MB10K_CARD_1766164450663_000033',NULL,'AVAILABLE',NULL,NULL,NULL,'2025-12-19 17:14:10','2025-12-19 17:14:10',_binary '\0',1,NULL),(107,NULL,15,3,'Mobifone','MB10K','Thẻ 10.000đ',10000.00,9550.00,'MB10K_SER_1766164450663_0034','MB10K_CARD_1766164450663_000034',NULL,'AVAILABLE',NULL,NULL,NULL,'2025-12-19 17:14:10','2025-12-19 17:14:10',_binary '\0',1,NULL),(108,NULL,15,3,'Mobifone','MB10K','Thẻ 10.000đ',10000.00,9550.00,'MB10K_SER_1766168391859_0001','MB10K_CARD_1766168391859_000001',NULL,'AVAILABLE',NULL,NULL,NULL,'2025-12-19 18:19:51','2025-12-19 18:19:51',_binary '\0',1,NULL),(109,NULL,15,3,'Mobifone','MB10K','Thẻ 10.000đ',10000.00,9550.00,'MB10K_SER_1766168391859_0002','MB10K_CARD_1766168391859_000002',NULL,'AVAILABLE',NULL,NULL,NULL,'2025-12-19 18:19:51','2025-12-19 18:19:51',_binary '\0',1,NULL),(110,NULL,15,3,'Mobifone','MB10K','Thẻ 10.000đ',10000.00,9550.00,'MB10K_SER_1766168391859_0003','MB10K_CARD_1766168391859_000003',NULL,'AVAILABLE',NULL,NULL,NULL,'2025-12-19 18:19:51','2025-12-19 18:19:51',_binary '\0',1,NULL),(111,NULL,15,3,'Mobifone','MB10K','Thẻ 10.000đ',10000.00,9550.00,'MB10K_SER_1766168391859_0004','MB10K_CARD_1766168391859_000004',NULL,'AVAILABLE',NULL,NULL,NULL,'2025-12-19 18:19:51','2025-12-19 18:19:51',_binary '\0',1,NULL),(112,NULL,15,3,'Mobifone','MB10K','Thẻ 10.000đ',10000.00,9550.00,'MB10K_SER_1766168391859_0005','MB10K_CARD_1766168391859_000005',NULL,'AVAILABLE',NULL,NULL,NULL,'2025-12-19 18:19:51','2025-12-19 18:19:51',_binary '\0',1,NULL),(113,NULL,15,3,'Mobifone','MB10K','Thẻ 10.000đ',10000.00,9550.00,'MB10K_SER_1766168391859_0006','MB10K_CARD_1766168391859_000006',NULL,'AVAILABLE',NULL,NULL,NULL,'2025-12-19 18:19:51','2025-12-19 18:19:51',_binary '\0',1,NULL),(114,NULL,15,3,'Mobifone','MB10K','Thẻ 10.000đ',10000.00,9550.00,'MB10K_SER_1766168391859_0007','MB10K_CARD_1766168391859_000007',NULL,'AVAILABLE',NULL,NULL,NULL,'2025-12-19 18:19:51','2025-12-19 18:19:51',_binary '\0',1,NULL),(115,NULL,15,3,'Mobifone','MB10K','Thẻ 10.000đ',10000.00,9550.00,'MB10K_SER_1766168391859_0008','MB10K_CARD_1766168391859_000008',NULL,'AVAILABLE',NULL,NULL,NULL,'2025-12-19 18:19:51','2025-12-19 18:19:51',_binary '\0',1,NULL),(116,NULL,15,3,'Mobifone','MB10K','Thẻ 10.000đ',10000.00,9550.00,'MB10K_SER_1766168391859_0009','MB10K_CARD_1766168391859_000009',NULL,'AVAILABLE',NULL,NULL,NULL,'2025-12-19 18:19:51','2025-12-19 18:19:51',_binary '\0',1,NULL),(117,NULL,15,3,'Mobifone','MB10K','Thẻ 10.000đ',10000.00,9550.00,'MB10K_SER_1766168391859_0010','MB10K_CARD_1766168391859_000010',NULL,'AVAILABLE',NULL,NULL,NULL,'2025-12-19 18:19:51','2025-12-19 18:19:51',_binary '\0',1,NULL),(118,NULL,15,3,'Mobifone','MB10K','Thẻ 10.000đ',10000.00,9550.00,'MB10K_SER_1766168391859_0011','MB10K_CARD_1766168391859_000011',NULL,'AVAILABLE',NULL,NULL,NULL,'2025-12-19 18:19:51','2025-12-19 18:19:51',_binary '\0',1,NULL),(119,NULL,15,3,'Mobifone','MB10K','Thẻ 10.000đ',10000.00,9550.00,'MB10K_SER_1766168391859_0012','MB10K_CARD_1766168391859_000012',NULL,'AVAILABLE',NULL,NULL,NULL,'2025-12-19 18:19:51','2025-12-19 18:19:51',_binary '\0',1,NULL),(120,NULL,15,3,'Mobifone','MB10K','Thẻ 10.000đ',10000.00,9550.00,'MB10K_SER_1766168391859_0013','MB10K_CARD_1766168391859_000013',NULL,'AVAILABLE',NULL,NULL,NULL,'2025-12-19 18:19:51','2025-12-19 18:19:51',_binary '\0',1,NULL),(121,NULL,15,3,'Mobifone','MB10K','Thẻ 10.000đ',10000.00,9550.00,'MB10K_SER_1766168391859_0014','MB10K_CARD_1766168391859_000014',NULL,'AVAILABLE',NULL,NULL,NULL,'2025-12-19 18:19:51','2025-12-19 18:19:51',_binary '\0',1,NULL),(122,NULL,15,3,'Mobifone','MB10K','Thẻ 10.000đ',10000.00,9550.00,'MB10K_SER_1766168391859_0015','MB10K_CARD_1766168391859_000015',NULL,'AVAILABLE',NULL,NULL,NULL,'2025-12-19 18:19:51','2025-12-19 18:19:51',_binary '\0',1,NULL),(123,NULL,15,3,'Mobifone','MB10K','Thẻ 10.000đ',10000.00,9550.00,'MB10K_SER_1766168391859_0016','MB10K_CARD_1766168391859_000016',NULL,'AVAILABLE',NULL,NULL,NULL,'2025-12-19 18:19:51','2025-12-19 18:19:51',_binary '\0',1,NULL),(124,NULL,15,3,'Mobifone','MB10K','Thẻ 10.000đ',10000.00,9550.00,'MB10K_SER_1766168391859_0017','MB10K_CARD_1766168391859_000017',NULL,'AVAILABLE',NULL,NULL,NULL,'2025-12-19 18:19:51','2025-12-19 18:19:51',_binary '\0',1,NULL),(125,NULL,15,3,'Mobifone','MB10K','Thẻ 10.000đ',10000.00,9550.00,'MB10K_SER_1766168391859_0018','MB10K_CARD_1766168391859_000018',NULL,'AVAILABLE',NULL,NULL,NULL,'2025-12-19 18:19:51','2025-12-19 18:19:51',_binary '\0',1,NULL),(126,NULL,15,3,'Mobifone','MB10K','Thẻ 10.000đ',10000.00,9550.00,'MB10K_SER_1766168391859_0019','MB10K_CARD_1766168391859_000019',NULL,'AVAILABLE',NULL,NULL,NULL,'2025-12-19 18:19:51','2025-12-19 18:19:51',_binary '\0',1,NULL),(127,NULL,15,3,'Mobifone','MB10K','Thẻ 10.000đ',10000.00,9550.00,'MB10K_SER_1766168391859_0020','MB10K_CARD_1766168391859_000020',NULL,'AVAILABLE',NULL,NULL,NULL,'2025-12-19 18:19:51','2025-12-19 18:19:51',_binary '\0',1,NULL),(128,NULL,15,3,'Mobifone','MB10K','Thẻ 10.000đ',10000.00,9550.00,'MB10K_SER_1766168391859_0021','MB10K_CARD_1766168391859_000021',NULL,'AVAILABLE',NULL,NULL,NULL,'2025-12-19 18:19:51','2025-12-19 18:19:51',_binary '\0',1,NULL),(129,NULL,15,3,'Mobifone','MB10K','Thẻ 10.000đ',10000.00,9550.00,'MB10K_SER_1766168391859_0022','MB10K_CARD_1766168391859_000022',NULL,'AVAILABLE',NULL,NULL,NULL,'2025-12-19 18:19:51','2025-12-19 18:19:51',_binary '\0',1,NULL),(130,NULL,15,3,'Mobifone','MB10K','Thẻ 10.000đ',10000.00,9550.00,'MB10K_SER_1766168391859_0023','MB10K_CARD_1766168391859_000023',NULL,'AVAILABLE',NULL,NULL,NULL,'2025-12-19 18:19:51','2025-12-19 18:19:51',_binary '\0',1,NULL),(131,NULL,15,3,'Mobifone','MB10K','Thẻ 10.000đ',10000.00,9550.00,'MB10K_SER_1766168391859_0024','MB10K_CARD_1766168391859_000024',NULL,'AVAILABLE',NULL,NULL,NULL,'2025-12-19 18:19:51','2025-12-19 18:19:51',_binary '\0',1,NULL),(132,NULL,15,3,'Mobifone','MB10K','Thẻ 10.000đ',10000.00,9550.00,'MB10K_SER_1766168391859_0025','MB10K_CARD_1766168391859_000025',NULL,'AVAILABLE',NULL,NULL,NULL,'2025-12-19 18:19:51','2025-12-19 18:19:51',_binary '\0',1,NULL),(133,NULL,15,3,'Mobifone','MB10K','Thẻ 10.000đ',10000.00,9550.00,'MB10K_SER_1766168391859_0026','MB10K_CARD_1766168391859_000026',NULL,'AVAILABLE',NULL,NULL,NULL,'2025-12-19 18:19:51','2025-12-19 18:19:51',_binary '\0',1,NULL),(134,NULL,15,3,'Mobifone','MB10K','Thẻ 10.000đ',10000.00,9550.00,'MB10K_SER_1766168391859_0027','MB10K_CARD_1766168391859_000027',NULL,'AVAILABLE',NULL,NULL,NULL,'2025-12-19 18:19:51','2025-12-19 18:19:51',_binary '\0',1,NULL),(135,NULL,15,3,'Mobifone','MB10K','Thẻ 10.000đ',10000.00,9550.00,'MB10K_SER_1766168391859_0028','MB10K_CARD_1766168391859_000028',NULL,'AVAILABLE',NULL,NULL,NULL,'2025-12-19 18:19:51','2025-12-19 18:19:51',_binary '\0',1,NULL),(136,NULL,15,3,'Mobifone','MB10K','Thẻ 10.000đ',10000.00,9550.00,'MB10K_SER_1766168391859_0029','MB10K_CARD_1766168391859_000029',NULL,'AVAILABLE',NULL,NULL,NULL,'2025-12-19 18:19:51','2025-12-19 18:19:51',_binary '\0',1,NULL),(137,NULL,15,3,'Mobifone','MB10K','Thẻ 10.000đ',10000.00,9550.00,'MB10K_SER_1766168391859_0030','MB10K_CARD_1766168391859_000030',NULL,'AVAILABLE',NULL,NULL,NULL,'2025-12-19 18:19:51','2025-12-19 18:19:51',_binary '\0',1,NULL),(138,NULL,15,3,'Mobifone','MB10K','Thẻ 10.000đ',10000.00,9550.00,'MB10K_SER_1766168391859_0031','MB10K_CARD_1766168391859_000031',NULL,'AVAILABLE',NULL,NULL,NULL,'2025-12-19 18:19:51','2025-12-19 18:19:51',_binary '\0',1,NULL),(139,NULL,15,3,'Mobifone','MB10K','Thẻ 10.000đ',10000.00,9550.00,'MB10K_SER_1766168391859_0032','MB10K_CARD_1766168391859_000032',NULL,'AVAILABLE',NULL,NULL,NULL,'2025-12-19 18:19:52','2025-12-19 18:19:52',_binary '\0',1,NULL),(140,NULL,15,3,'Mobifone','MB10K','Thẻ 10.000đ',10000.00,9550.00,'MB10K_SER_1766168391859_0033','MB10K_CARD_1766168391859_000033',NULL,'AVAILABLE',NULL,NULL,NULL,'2025-12-19 18:19:52','2025-12-19 18:19:52',_binary '\0',1,NULL),(141,NULL,15,3,'Mobifone','MB10K','Thẻ 10.000đ',10000.00,9550.00,'MB10K_SER_1766168391859_0034','MB10K_CARD_1766168391859_000034',NULL,'AVAILABLE',NULL,NULL,NULL,'2025-12-19 18:19:52','2025-12-19 18:19:52',_binary '\0',1,NULL),(142,NULL,15,3,'Mobifone','MB10K','Thẻ 10.000đ',10000.00,9550.00,'MB10K_SER_1766168896824_0001','MB10K_CARD_1766168896824_000001',NULL,'AVAILABLE',NULL,NULL,NULL,'2025-12-19 18:28:16','2025-12-19 18:28:16',_binary '\0',1,NULL),(143,NULL,15,3,'Mobifone','MB10K','Thẻ 10.000đ',10000.00,9550.00,'MB10K_SER_1766168896824_0002','MB10K_CARD_1766168896824_000002',NULL,'AVAILABLE',NULL,NULL,NULL,'2025-12-19 18:28:16','2025-12-19 18:28:16',_binary '\0',1,NULL),(144,NULL,15,3,'Mobifone','MB10K','Thẻ 10.000đ',10000.00,9550.00,'MB10K_SER_1766168896824_0003','MB10K_CARD_1766168896824_000003',NULL,'AVAILABLE',NULL,NULL,NULL,'2025-12-19 18:28:16','2025-12-19 18:28:16',_binary '\0',1,NULL),(145,NULL,15,3,'Mobifone','MB10K','Thẻ 10.000đ',10000.00,9550.00,'MB10K_SER_1766168896824_0004','MB10K_CARD_1766168896824_000004',NULL,'AVAILABLE',NULL,NULL,NULL,'2025-12-19 18:28:16','2025-12-19 18:28:16',_binary '\0',1,NULL),(146,NULL,15,3,'Mobifone','MB10K','Thẻ 10.000đ',10000.00,9550.00,'MB10K_SER_1766168896824_0005','MB10K_CARD_1766168896824_000005',NULL,'AVAILABLE',NULL,NULL,NULL,'2025-12-19 18:28:16','2025-12-19 18:28:16',_binary '\0',1,NULL),(147,NULL,15,3,'Mobifone','MB10K','Thẻ 10.000đ',10000.00,9550.00,'MB10K_SER_1766168896824_0006','MB10K_CARD_1766168896824_000006',NULL,'AVAILABLE',NULL,NULL,NULL,'2025-12-19 18:28:16','2025-12-19 18:28:16',_binary '\0',1,NULL),(148,NULL,15,3,'Mobifone','MB10K','Thẻ 10.000đ',10000.00,9550.00,'MB10K_SER_1766168896824_0007','MB10K_CARD_1766168896824_000007',NULL,'AVAILABLE',NULL,NULL,NULL,'2025-12-19 18:28:16','2025-12-19 18:28:16',_binary '\0',1,NULL),(149,NULL,15,3,'Mobifone','MB10K','Thẻ 10.000đ',10000.00,9550.00,'MB10K_SER_1766168896824_0008','MB10K_CARD_1766168896824_000008',NULL,'AVAILABLE',NULL,NULL,NULL,'2025-12-19 18:28:16','2025-12-19 18:28:16',_binary '\0',1,NULL),(150,NULL,15,3,'Mobifone','MB10K','Thẻ 10.000đ',10000.00,9550.00,'MB10K_SER_1766168896824_0009','MB10K_CARD_1766168896824_000009',NULL,'AVAILABLE',NULL,NULL,NULL,'2025-12-19 18:28:16','2025-12-19 18:28:16',_binary '\0',1,NULL),(151,NULL,15,3,'Mobifone','MB10K','Thẻ 10.000đ',10000.00,9550.00,'MB10K_SER_1766168896824_0010','MB10K_CARD_1766168896824_000010',NULL,'AVAILABLE',NULL,NULL,NULL,'2025-12-19 18:28:16','2025-12-19 18:28:16',_binary '\0',1,NULL),(152,NULL,15,3,'Mobifone','MB10K','Thẻ 10.000đ',10000.00,9550.00,'MB10K_SER_1766168896824_0011','MB10K_CARD_1766168896824_000011',NULL,'AVAILABLE',NULL,NULL,NULL,'2025-12-19 18:28:16','2025-12-19 18:28:16',_binary '\0',1,NULL),(153,NULL,15,3,'Mobifone','MB10K','Thẻ 10.000đ',10000.00,9550.00,'MB10K_SER_1766168896824_0012','MB10K_CARD_1766168896824_000012',NULL,'AVAILABLE',NULL,NULL,NULL,'2025-12-19 18:28:16','2025-12-19 18:28:16',_binary '\0',1,NULL),(154,NULL,15,3,'Mobifone','MB10K','Thẻ 10.000đ',10000.00,9550.00,'MB10K_SER_1766168896824_0013','MB10K_CARD_1766168896824_000013',NULL,'AVAILABLE',NULL,NULL,NULL,'2025-12-19 18:28:16','2025-12-19 18:28:16',_binary '\0',1,NULL),(155,NULL,15,3,'Mobifone','MB10K','Thẻ 10.000đ',10000.00,9550.00,'MB10K_SER_1766168896824_0014','MB10K_CARD_1766168896824_000014',NULL,'AVAILABLE',NULL,NULL,NULL,'2025-12-19 18:28:16','2025-12-19 18:28:16',_binary '\0',1,NULL),(156,NULL,15,3,'Mobifone','MB10K','Thẻ 10.000đ',10000.00,9550.00,'MB10K_SER_1766168896824_0015','MB10K_CARD_1766168896824_000015',NULL,'AVAILABLE',NULL,NULL,NULL,'2025-12-19 18:28:16','2025-12-19 18:28:16',_binary '\0',1,NULL),(157,NULL,15,3,'Mobifone','MB10K','Thẻ 10.000đ',10000.00,9550.00,'MB10K_SER_1766168896824_0016','MB10K_CARD_1766168896824_000016',NULL,'AVAILABLE',NULL,NULL,NULL,'2025-12-19 18:28:16','2025-12-19 18:28:16',_binary '\0',1,NULL),(158,NULL,15,3,'Mobifone','MB10K','Thẻ 10.000đ',10000.00,9550.00,'MB10K_SER_1766168896824_0017','MB10K_CARD_1766168896824_000017',NULL,'AVAILABLE',NULL,NULL,NULL,'2025-12-19 18:28:16','2025-12-19 18:28:16',_binary '\0',1,NULL),(159,NULL,15,3,'Mobifone','MB10K','Thẻ 10.000đ',10000.00,9550.00,'MB10K_SER_1766168896824_0018','MB10K_CARD_1766168896824_000018',NULL,'AVAILABLE',NULL,NULL,NULL,'2025-12-19 18:28:16','2025-12-19 18:28:16',_binary '\0',1,NULL),(160,NULL,15,3,'Mobifone','MB10K','Thẻ 10.000đ',10000.00,9550.00,'MB10K_SER_1766168896824_0019','MB10K_CARD_1766168896824_000019',NULL,'AVAILABLE',NULL,NULL,NULL,'2025-12-19 18:28:16','2025-12-19 18:28:16',_binary '\0',1,NULL),(161,NULL,15,3,'Mobifone','MB10K','Thẻ 10.000đ',10000.00,9550.00,'MB10K_SER_1766168896824_0020','MB10K_CARD_1766168896824_000020',NULL,'AVAILABLE',NULL,NULL,NULL,'2025-12-19 18:28:16','2025-12-19 18:28:16',_binary '\0',1,NULL),(162,NULL,15,3,'Mobifone','MB10K','Thẻ 10.000đ',10000.00,9550.00,'MB10K_SER_1766168896824_0021','MB10K_CARD_1766168896824_000021',NULL,'AVAILABLE',NULL,NULL,NULL,'2025-12-19 18:28:16','2025-12-19 18:28:16',_binary '\0',1,NULL),(163,NULL,15,3,'Mobifone','MB10K','Thẻ 10.000đ',10000.00,9550.00,'MB10K_SER_1766168896824_0022','MB10K_CARD_1766168896824_000022',NULL,'AVAILABLE',NULL,NULL,NULL,'2025-12-19 18:28:16','2025-12-19 18:28:16',_binary '\0',1,NULL),(164,NULL,15,3,'Mobifone','MB10K','Thẻ 10.000đ',10000.00,9550.00,'MB10K_SER_1766168896824_0023','MB10K_CARD_1766168896824_000023',NULL,'AVAILABLE',NULL,NULL,NULL,'2025-12-19 18:28:16','2025-12-19 18:28:16',_binary '\0',1,NULL),(165,NULL,15,3,'Mobifone','MB10K','Thẻ 10.000đ',10000.00,9550.00,'MB10K_SER_1766168896824_0024','MB10K_CARD_1766168896824_000024',NULL,'AVAILABLE',NULL,NULL,NULL,'2025-12-19 18:28:16','2025-12-19 18:28:16',_binary '\0',1,NULL),(166,NULL,15,3,'Mobifone','MB10K','Thẻ 10.000đ',10000.00,9550.00,'MB10K_SER_1766168896824_0025','MB10K_CARD_1766168896824_000025',NULL,'AVAILABLE',NULL,NULL,NULL,'2025-12-19 18:28:16','2025-12-19 18:28:16',_binary '\0',1,NULL),(167,NULL,15,3,'Mobifone','MB10K','Thẻ 10.000đ',10000.00,9550.00,'MB10K_SER_1766168896824_0026','MB10K_CARD_1766168896824_000026',NULL,'AVAILABLE',NULL,NULL,NULL,'2025-12-19 18:28:16','2025-12-19 18:28:16',_binary '\0',1,NULL),(168,NULL,15,3,'Mobifone','MB10K','Thẻ 10.000đ',10000.00,9550.00,'MB10K_SER_1766168896824_0027','MB10K_CARD_1766168896824_000027',NULL,'AVAILABLE',NULL,NULL,NULL,'2025-12-19 18:28:16','2025-12-19 18:28:16',_binary '\0',1,NULL),(169,NULL,15,3,'Mobifone','MB10K','Thẻ 10.000đ',10000.00,9550.00,'MB10K_SER_1766168896824_0028','MB10K_CARD_1766168896824_000028',NULL,'AVAILABLE',NULL,NULL,NULL,'2025-12-19 18:28:16','2025-12-19 18:28:16',_binary '\0',1,NULL),(170,NULL,15,3,'Mobifone','MB10K','Thẻ 10.000đ',10000.00,9550.00,'MB10K_SER_1766168896824_0029','MB10K_CARD_1766168896824_000029',NULL,'AVAILABLE',NULL,NULL,NULL,'2025-12-19 18:28:16','2025-12-19 18:28:16',_binary '\0',1,NULL),(171,NULL,15,3,'Mobifone','MB10K','Thẻ 10.000đ',10000.00,9550.00,'MB10K_SER_1766168896824_0030','MB10K_CARD_1766168896824_000030',NULL,'AVAILABLE',NULL,NULL,NULL,'2025-12-19 18:28:16','2025-12-19 18:28:16',_binary '\0',1,NULL),(172,NULL,15,3,'Mobifone','MB10K','Thẻ 10.000đ',10000.00,9550.00,'MB10K_SER_1766168896824_0031','MB10K_CARD_1766168896824_000031',NULL,'AVAILABLE',NULL,NULL,NULL,'2025-12-19 18:28:16','2025-12-19 18:28:16',_binary '\0',1,NULL),(173,NULL,15,3,'Mobifone','MB10K','Thẻ 10.000đ',10000.00,9550.00,'MB10K_SER_1766168896824_0032','MB10K_CARD_1766168896824_000032',NULL,'AVAILABLE',NULL,NULL,NULL,'2025-12-19 18:28:16','2025-12-19 18:28:16',_binary '\0',1,NULL),(174,NULL,15,3,'Mobifone','MB10K','Thẻ 10.000đ',10000.00,9550.00,'MB10K_SER_1766168896824_0033','MB10K_CARD_1766168896824_000033',NULL,'AVAILABLE',NULL,NULL,NULL,'2025-12-19 18:28:16','2025-12-19 18:28:16',_binary '\0',1,NULL),(175,NULL,15,3,'Mobifone','MB10K','Thẻ 10.000đ',10000.00,9550.00,'MB10K_SER_1766168896824_0034','MB10K_CARD_1766168896824_000034',NULL,'AVAILABLE',NULL,NULL,NULL,'2025-12-19 18:28:16','2025-12-19 18:28:16',_binary '\0',1,NULL),(176,NULL,15,3,'Mobifone','MB10K','Thẻ 10.000đ',10000.00,9550.00,'MB10K_SER_1766168896824_0035','MB10K_CARD_1766168896824_000035',NULL,'AVAILABLE',NULL,NULL,NULL,'2025-12-19 18:28:16','2025-12-19 18:28:16',_binary '\0',1,NULL),(177,NULL,15,3,'Mobifone','MB10K','Thẻ 10.000đ',10000.00,9550.00,'MB10K_SER_1766168896824_0036','MB10K_CARD_1766168896824_000036',NULL,'AVAILABLE',NULL,NULL,NULL,'2025-12-19 18:28:16','2025-12-19 18:28:16',_binary '\0',1,NULL),(178,NULL,15,3,'Mobifone','MB10K','Thẻ 10.000đ',10000.00,9550.00,'MB10K_SER_1766168896824_0037','MB10K_CARD_1766168896824_000037',NULL,'AVAILABLE',NULL,NULL,NULL,'2025-12-19 18:28:16','2025-12-19 18:28:16',_binary '\0',1,NULL),(179,NULL,15,3,'Mobifone','MB10K','Thẻ 10.000đ',10000.00,9550.00,'MB10K_SER_1766168896824_0038','MB10K_CARD_1766168896824_000038',NULL,'AVAILABLE',NULL,NULL,NULL,'2025-12-19 18:28:17','2025-12-19 18:28:17',_binary '\0',1,NULL),(180,NULL,15,3,'Mobifone','MB10K','Thẻ 10.000đ',10000.00,9550.00,'MB10K_SER_1766168896824_0039','MB10K_CARD_1766168896824_000039',NULL,'AVAILABLE',NULL,NULL,NULL,'2025-12-19 18:28:17','2025-12-19 18:28:17',_binary '\0',1,NULL),(181,NULL,15,3,'Mobifone','MB10K','Thẻ 10.000đ',10000.00,9550.00,'MB10K_SER_1766168896824_0040','MB10K_CARD_1766168896824_000040',NULL,'AVAILABLE',NULL,NULL,NULL,'2025-12-19 18:28:17','2025-12-19 18:28:17',_binary '\0',1,NULL),(182,NULL,15,3,'Mobifone','MB10K','Thẻ 10.000đ',10000.00,9550.00,'MB10K_SER_1766168896824_0041','MB10K_CARD_1766168896824_000041',NULL,'AVAILABLE',NULL,NULL,NULL,'2025-12-19 18:28:17','2025-12-19 18:28:17',_binary '\0',1,NULL),(183,NULL,15,3,'Mobifone','MB10K','Thẻ 10.000đ',10000.00,9550.00,'MB10K_SER_1766168896824_0042','MB10K_CARD_1766168896824_000042',NULL,'AVAILABLE',NULL,NULL,NULL,'2025-12-19 18:28:17','2025-12-19 18:28:17',_binary '\0',1,NULL),(184,NULL,15,3,'Mobifone','MB10K','Thẻ 10.000đ',10000.00,9550.00,'MB10K_SER_1766168896824_0043','MB10K_CARD_1766168896824_000043',NULL,'AVAILABLE',NULL,NULL,NULL,'2025-12-19 18:28:17','2025-12-19 18:28:17',_binary '\0',1,NULL),(185,NULL,15,3,'Mobifone','MB10K','Thẻ 10.000đ',10000.00,9550.00,'MB10K_SER_1766168896824_0044','MB10K_CARD_1766168896824_000044',NULL,'AVAILABLE',NULL,NULL,NULL,'2025-12-19 18:28:17','2025-12-19 18:28:17',_binary '\0',1,NULL),(186,NULL,15,3,'Mobifone','MB10K','Thẻ 10.000đ',10000.00,9550.00,'MB10K_SER_1766168896824_0045','MB10K_CARD_1766168896824_000045',NULL,'AVAILABLE',NULL,NULL,NULL,'2025-12-19 18:28:17','2025-12-19 18:28:17',_binary '\0',1,NULL);
/*!40000 ALTER TABLE `product_storage` ENABLE KEYS */;
UNLOCK TABLES;

--
-- Table structure for table `provider_storage`
--

DROP TABLE IF EXISTS `provider_storage`;
/*!40101 SET @saved_cs_client     = @@character_set_client */;
/*!50503 SET character_set_client = utf8mb4 */;
CREATE TABLE `provider_storage` (
  `provider_storage_id` int NOT NULL AUTO_INCREMENT,
  `provider_id` int NOT NULL,
  `product_code` varchar(50) NOT NULL COMMENT 'Mã sản phẩm (VD: VT10K, VN20K, MB50K)',
  `product_name` varchar(100) NOT NULL COMMENT 'Tên sản phẩm (VD: Thẻ 10.000đ, Thẻ 20.000đ)',
  `price` decimal(10,2) DEFAULT NULL COMMENT 'Giá bán cho khách hàng',
  `purchase_price` decimal(10,2) DEFAULT NULL COMMENT 'Giá nhập từ provider',
  `available_quantity` int DEFAULT '0' COMMENT 'Số lượng thẻ có sẵn (tính từ cards)',
  `image_url` varchar(255) DEFAULT NULL,
  `status` enum('ACTIVE','INACTIVE') DEFAULT 'ACTIVE',
  `created_at` timestamp NULL DEFAULT CURRENT_TIMESTAMP,
  `updated_at` timestamp NULL DEFAULT CURRENT_TIMESTAMP ON UPDATE CURRENT_TIMESTAMP,
  `is_deleted` bit(1) DEFAULT b'0',
  `created_by` int DEFAULT NULL,
  `deleted_by` int DEFAULT NULL,
  PRIMARY KEY (`provider_storage_id`),
  UNIQUE KEY `uk_provider_product` (`provider_id`,`product_code`),
  KEY `idx_provider_id` (`provider_id`),
  KEY `idx_status` (`status`),
  CONSTRAINT `provider_storage_provider_fk` FOREIGN KEY (`provider_id`) REFERENCES `providers` (`provider_id`) ON DELETE RESTRICT
) ENGINE=InnoDB AUTO_INCREMENT=21 DEFAULT CHARSET=utf8mb4 COLLATE=utf8mb4_0900_ai_ci;
/*!40101 SET character_set_client = @saved_cs_client */;

--
-- Dumping data for table `provider_storage`
--

LOCK TABLES `provider_storage` WRITE;
/*!40000 ALTER TABLE `provider_storage` DISABLE KEYS */;
INSERT INTO `provider_storage` VALUES (1,1,'VT10K','Thẻ 10.000đ',10000.00,9500.00,100,NULL,'ACTIVE','2025-12-19 08:34:39','2025-12-19 09:55:13',_binary '\0',1,NULL),(2,1,'VT20K','Thẻ 20.000đ',20000.00,19000.00,100,NULL,'ACTIVE','2025-12-19 08:34:39','2025-12-19 09:55:13',_binary '\0',1,NULL),(3,1,'VT30K','Thẻ 30.000đ',30000.00,28500.00,200,NULL,'ACTIVE','2025-12-19 08:34:39','2025-12-19 09:55:13',_binary '\0',1,NULL),(4,1,'VT50K','Thẻ 50.000đ',50000.00,47500.00,200,NULL,'ACTIVE','2025-12-19 08:34:39','2025-12-19 09:55:13',_binary '\0',1,NULL),(5,1,'VT100K','Thẻ 100.000đ',100000.00,95000.00,66,NULL,'ACTIVE','2025-12-19 08:34:39','2025-12-19 10:20:16',_binary '\0',1,NULL),(6,1,'VT200K','Thẻ 200.000đ',200000.00,190000.00,33,NULL,'ACTIVE','2025-12-19 08:34:39','2025-12-19 09:56:14',_binary '\0',1,NULL),(7,1,'VT500K','Thẻ 500.000đ',500000.00,475000.00,234,NULL,'ACTIVE','2025-12-19 08:34:39','2025-12-19 09:56:14',_binary '\0',1,NULL),(8,2,'VN10K','Thẻ 10.000đ',10000.00,9600.00,123,NULL,'ACTIVE','2025-12-19 08:34:39','2025-12-19 09:56:14',_binary '\0',1,NULL),(9,2,'VN20K','Thẻ 20.000đ',20000.00,19100.00,324,NULL,'ACTIVE','2025-12-19 08:34:39','2025-12-19 09:56:14',_binary '\0',1,NULL),(10,2,'VN30K','Thẻ 30.000đ',30000.00,28600.00,234,NULL,'ACTIVE','2025-12-19 08:34:39','2025-12-19 09:56:14',_binary '\0',1,NULL),(11,2,'VN50K','Thẻ 50.000đ',50000.00,47600.00,133,NULL,'ACTIVE','2025-12-19 08:34:39','2025-12-19 09:56:14',_binary '\0',1,NULL),(12,2,'VN100K','Thẻ 100.000đ',100000.00,95100.00,1300,NULL,'ACTIVE','2025-12-19 08:34:39','2025-12-19 11:15:01',_binary '\0',1,NULL),(13,2,'VN300K','Thẻ 300.000đ',300000.00,285000.00,57,NULL,'ACTIVE','2025-12-19 08:34:39','2025-12-19 09:56:14',_binary '\0',1,NULL),(14,2,'VN500K','Thẻ 500.000đ',500000.00,476000.00,75,NULL,'ACTIVE','2025-12-19 08:34:39','2025-12-19 11:17:38',_binary '\0',1,NULL),(15,3,'MB10K','Thẻ 10.000đ',10000.00,9550.00,167,NULL,'ACTIVE','2025-12-19 08:34:39','2025-12-19 18:28:17',_binary '\0',1,NULL),(16,3,'MB20K','Thẻ 20.000đ',20000.00,19050.00,70,NULL,'ACTIVE','2025-12-19 08:34:39','2025-12-19 09:55:39',_binary '\0',1,NULL),(17,3,'MB50K','Thẻ 50.000đ',50000.00,47550.00,60,NULL,'ACTIVE','2025-12-19 08:34:39','2025-12-19 09:55:39',_binary '\0',1,NULL),(18,3,'MB100K','Thẻ 100.000đ',100000.00,95050.00,50,NULL,'ACTIVE','2025-12-19 08:34:39','2025-12-19 09:55:39',_binary '\0',1,NULL),(19,3,'MB200K','Thẻ 200.000đ',200000.00,190500.00,100,NULL,'ACTIVE','2025-12-19 08:34:39','2025-12-19 09:55:39',_binary '\0',1,NULL),(20,3,'MB500K','Thẻ 500.000đ',500000.00,475500.00,100,NULL,'ACTIVE','2025-12-19 08:34:39','2025-12-19 09:55:39',_binary '\0',1,NULL);
/*!40000 ALTER TABLE `provider_storage` ENABLE KEYS */;
UNLOCK TABLES;

--
-- Table structure for table `providers`
--

DROP TABLE IF EXISTS `providers`;
/*!40101 SET @saved_cs_client     = @@character_set_client */;
/*!50503 SET character_set_client = utf8mb4 */;
CREATE TABLE `providers` (
  `provider_id` int NOT NULL AUTO_INCREMENT,
  `provider_name` varchar(50) NOT NULL COMMENT 'Tên nhà cung cấp (Viettel, Vinaphone, Mobifone)',
  `provider_type` enum('TEL','GAME') DEFAULT 'TEL',
  `status` enum('ACTIVE','INACTIVE') DEFAULT 'ACTIVE',
  `created_at` timestamp NULL DEFAULT CURRENT_TIMESTAMP,
  `updated_at` timestamp NULL DEFAULT CURRENT_TIMESTAMP ON UPDATE CURRENT_TIMESTAMP,
  `is_deleted` bit(1) DEFAULT b'0',
  `created_by` int DEFAULT NULL,
  `deleted_by` int DEFAULT NULL,
  PRIMARY KEY (`provider_id`),
  UNIQUE KEY `uk_provider_name` (`provider_name`)
) ENGINE=InnoDB AUTO_INCREMENT=4 DEFAULT CHARSET=utf8mb4 COLLATE=utf8mb4_0900_ai_ci;
/*!40101 SET character_set_client = @saved_cs_client */;

--
-- Dumping data for table `providers`
--

LOCK TABLES `providers` WRITE;
/*!40000 ALTER TABLE `providers` DISABLE KEYS */;
INSERT INTO `providers` VALUES (1,'Viettel','TEL','ACTIVE','2025-12-19 08:34:39','2025-12-19 08:34:39',_binary '\0',1,NULL),(2,'Vinaphone','TEL','ACTIVE','2025-12-19 08:34:39','2025-12-19 08:34:39',_binary '\0',1,NULL),(3,'Mobifone','TEL','ACTIVE','2025-12-19 08:34:39','2025-12-19 08:34:39',_binary '\0',1,NULL);
/*!40000 ALTER TABLE `providers` ENABLE KEYS */;
UNLOCK TABLES;

--
-- Table structure for table `transactions`
--

DROP TABLE IF EXISTS `transactions`;
/*!40101 SET @saved_cs_client     = @@character_set_client */;
/*!50503 SET character_set_client = utf8mb4 */;
CREATE TABLE `transactions` (
  `transaction_id` int NOT NULL AUTO_INCREMENT,
  `user_id` int NOT NULL,
  `order_id` int DEFAULT NULL,
  `amount` decimal(15,2) NOT NULL,
  `transaction_type` enum('DEPOSIT','PAYMENT','REFUND') NOT NULL,
  `description` varchar(255) DEFAULT NULL,
  `status` enum('PENDING','SUCCESS','FAILED') DEFAULT 'SUCCESS',
  `created_at` timestamp NULL DEFAULT CURRENT_TIMESTAMP,
  `updated_at` timestamp NULL DEFAULT CURRENT_TIMESTAMP ON UPDATE CURRENT_TIMESTAMP,
  `is_deleted` bit(1) DEFAULT b'0',
  `created_by` int DEFAULT NULL,
  `deleted_by` int DEFAULT NULL,
  PRIMARY KEY (`transaction_id`),
  KEY `user_id` (`user_id`),
  KEY `order_id` (`order_id`),
  CONSTRAINT `trans_order_fk` FOREIGN KEY (`order_id`) REFERENCES `orders` (`order_id`) ON DELETE RESTRICT,
  CONSTRAINT `trans_user_fk` FOREIGN KEY (`user_id`) REFERENCES `users` (`user_id`) ON DELETE RESTRICT
) ENGINE=InnoDB DEFAULT CHARSET=utf8mb4 COLLATE=utf8mb4_0900_ai_ci;
/*!40101 SET character_set_client = @saved_cs_client */;

--
-- Dumping data for table `transactions`
--

LOCK TABLES `transactions` WRITE;
/*!40000 ALTER TABLE `transactions` DISABLE KEYS */;
/*!40000 ALTER TABLE `transactions` ENABLE KEYS */;
UNLOCK TABLES;

--
-- Table structure for table `users`
--

DROP TABLE IF EXISTS `users`;
/*!40101 SET @saved_cs_client     = @@character_set_client */;
/*!50503 SET character_set_client = utf8mb4 */;
CREATE TABLE `users` (
  `user_id` int NOT NULL AUTO_INCREMENT,
  `username` varchar(50) NOT NULL,
  `password` varchar(255) NOT NULL,
  `email` varchar(100) NOT NULL,
  `full_name` varchar(100) DEFAULT NULL,
  `image_url` varchar(255) DEFAULT NULL,
  `phone_number` varchar(15) DEFAULT NULL,
  `balance` decimal(15,2) DEFAULT '0.00',
  `role` enum('ADMIN','CUSTOMER') DEFAULT 'CUSTOMER',
  `status` enum('ACTIVE','BANNED') DEFAULT 'ACTIVE',
  `created_at` timestamp NULL DEFAULT CURRENT_TIMESTAMP,
  `updated_at` timestamp NULL DEFAULT CURRENT_TIMESTAMP ON UPDATE CURRENT_TIMESTAMP,
  `is_deleted` bit(1) DEFAULT b'0',
  `created_by` int DEFAULT NULL,
  `deleted_by` int DEFAULT NULL,
  PRIMARY KEY (`user_id`),
  UNIQUE KEY `username` (`username`),
  UNIQUE KEY `email` (`email`)
) ENGINE=InnoDB AUTO_INCREMENT=3 DEFAULT CHARSET=utf8mb4 COLLATE=utf8mb4_0900_ai_ci;
/*!40101 SET character_set_client = @saved_cs_client */;

--
-- Dumping data for table `users`
--

LOCK TABLES `users` WRITE;
/*!40000 ALTER TABLE `users` DISABLE KEYS */;
INSERT INTO `users` VALUES (1,'admin','quan123','admin@store.com','Super Admin',NULL,NULL,50000000.00,'ADMIN','ACTIVE','2025-12-19 08:34:39','2025-12-19 09:12:05',_binary '\0',NULL,NULL),(2,'customer1','quan123','khach@gmail.com','Nguyen Van A',NULL,'0901234567',500000.00,'CUSTOMER','ACTIVE','2025-12-19 08:34:39','2025-12-19 09:04:18',_binary '\0',2,NULL);
/*!40000 ALTER TABLE `users` ENABLE KEYS */;
UNLOCK TABLES;

--
-- Table structure for table `vouchers`
--

DROP TABLE IF EXISTS `vouchers`;
/*!40101 SET @saved_cs_client     = @@character_set_client */;
/*!50503 SET character_set_client = utf8mb4 */;
CREATE TABLE `vouchers` (
  `voucher_id` int NOT NULL AUTO_INCREMENT,
  `code` varchar(50) NOT NULL,
  `discount_type` enum('PERCENT','FIXED') NOT NULL,
  `discount_value` decimal(10,2) NOT NULL,
  `min_order_value` decimal(15,2) DEFAULT '0.00',
  `usage_limit` int DEFAULT NULL,
  `used_count` int DEFAULT '0',
  `expiry_date` datetime DEFAULT NULL,
  `status` enum('ACTIVE','INACTIVE') DEFAULT 'ACTIVE',
  `created_at` timestamp NULL DEFAULT CURRENT_TIMESTAMP,
  `updated_at` timestamp NULL DEFAULT CURRENT_TIMESTAMP ON UPDATE CURRENT_TIMESTAMP,
  `is_deleted` bit(1) DEFAULT b'0',
  `created_by` int DEFAULT NULL,
  `deleted_by` int DEFAULT NULL,
  PRIMARY KEY (`voucher_id`),
  UNIQUE KEY `code` (`code`)
) ENGINE=InnoDB AUTO_INCREMENT=3 DEFAULT CHARSET=utf8mb4 COLLATE=utf8mb4_0900_ai_ci;
/*!40101 SET character_set_client = @saved_cs_client */;

--
-- Dumping data for table `vouchers`
--

LOCK TABLES `vouchers` WRITE;
/*!40000 ALTER TABLE `vouchers` DISABLE KEYS */;
INSERT INTO `vouchers` VALUES (1,'WELCOME10','PERCENT',10.00,50000.00,100,0,'2025-12-31 23:59:59','ACTIVE','2025-12-19 08:35:38','2025-12-19 08:35:38',_binary '\0',1,NULL),(2,'SALE5K','FIXED',5000.00,20000.00,50,0,'2025-12-31 23:59:59','ACTIVE','2025-12-19 08:35:38','2025-12-19 08:35:38',_binary '\0',1,NULL);
/*!40000 ALTER TABLE `vouchers` ENABLE KEYS */;
UNLOCK TABLES;
/*!40103 SET TIME_ZONE=@OLD_TIME_ZONE */;

/*!40101 SET SQL_MODE=@OLD_SQL_MODE */;
/*!40014 SET FOREIGN_KEY_CHECKS=@OLD_FOREIGN_KEY_CHECKS */;
/*!40014 SET UNIQUE_CHECKS=@OLD_UNIQUE_CHECKS */;
/*!40101 SET CHARACTER_SET_CLIENT=@OLD_CHARACTER_SET_CLIENT */;
/*!40101 SET CHARACTER_SET_RESULTS=@OLD_CHARACTER_SET_RESULTS */;
/*!40101 SET COLLATION_CONNECTION=@OLD_COLLATION_CONNECTION */;
/*!40111 SET SQL_NOTES=@OLD_SQL_NOTES */;

-- Dump completed on 2025-12-20  3:01:01
